series,fold_id,selected_candidate,candidate_id,ordinal,trade_id,exit_timestamp,r,cumulative_r
matched_v1_both,F1,both,both,1,GOLD:153,1722530700000,0.6311151208181004,0.6311151208181004
matched_v1_both,F1,both,both,2,GOLD:154,1722561300000,-1.0,-0.3688848791818996
matched_v1_both,F1,both,both,3,GOLD:155,1722609000000,-1.0,-1.3688848791818997
matched_v1_both,F1,both,both,4,GOLD:156,1722816900000,-1.0,-2.3688848791818997
matched_v1_both,F1,both,both,5,GOLD:157,1722834900000,-1.0,-3.3688848791818997
matched_v1_both,F1,both,both,6,GOLD:158,1722925800000,-1.0,-4.3688848791819
matched_v1_both,F1,both,both,7,GOLD:159,1722953700000,-1.0,-5.3688848791819
matched_v1_both,F1,both,both,8,GOLD:160,1722992400000,-1.0,-6.3688848791819
matched_v1_both,F1,both,both,9,GOLD:161,1723078800000,1.8493986206949145,-4.519486258486985
matched_v1_both,F1,both,both,10,GOLD:162,1723212000000,-1.0,-5.519486258486985
matched_v1_both,F1,both,both,11,GOLD:163,1723441500000,-1.0,-6.519486258486985
matched_v1_both,F1,both,both,12,GOLD:164,1723555800000,-1.0,-7.519486258486985
matched_v1_both,F1,both,both,13,GOLD:165,1723600800000,-1.0,-8.519486258486985
matched_v1_both,F1,both,both,14,GOLD:166,1723639500000,-1.0,-9.519486258486985
matched_v1_both,F1,both,both,15,GOLD:167,1723687200000,-1.0,-10.519486258486985
matched_v1_both,F1,both,both,16,GOLD:168,1723728600000,-1.0,-11.519486258486985
matched_v1_both,F1,both,both,17,GOLD:169,1723765500000,-1.0,-12.519486258486985
matched_v1_both,F1,both,both,18,GOLD:170,1723786200000,-1.0,-13.519486258486985
matched_v1_both,F1,both,both,19,GOLD:171,1724106600000,-0.29732079212744333,-13.816807050614429
matched_v1_both,F1,both,both,20,GOLD:172,1724165100000,2.7759331701546532,-11.040873880459776
matched_v1_both,F1,both,both,21,GOLD:173,1724210100000,-1.0,-12.040873880459776
matched_v1_both,F1,both,both,22,GOLD:174,1724271300000,-1.0,-13.040873880459776
matched_v1_both,F1,both,both,23,GOLD:175,1724308200000,-1.0,-14.040873880459776
matched_v1_both,F1,both,both,24,GOLD:176,1724330700000,-1.0,-15.040873880459776
matched_v1_both,F1,both,both,25,GOLD:177,1724653800000,-1.0,-16.040873880459777
matched_v1_both,F1,both,both,26,GOLD:178,1724692500000,-1.0,-17.040873880459777
matched_v1_both,F1,both,both,27,GOLD:179,1724766300000,-1.0,-18.040873880459777
matched_v1_both,F1,both,both,28,GOLD:180,1724838300000,4.63334234235434,-13.407531538105438
matched_v1_both,F1,both,both,29,GOLD:181,1724851800000,-1.0,-14.407531538105438
matched_v1_both,F1,both,both,30,GOLD:182,1724937300000,-1.0,-15.407531538105438
matched_v1_both,F1,both,both,31,GOLD:183,1724999400000,-1.0,-16.407531538105438
matched_v1_both,F1,both,both,32,GOLD:184,1725048900000,3.12530166583635,-13.282229872269088
matched_v1_both,F1,both,both,33,GOLD:185,1725250500000,-1.0,-14.282229872269088
matched_v1_both,F1,both,both,34,GOLD:186,1725338700000,2.3022755050795514,-11.979954367189537
matched_v1_both,F1,both,both,35,GOLD:187,1725363000000,-1.0,-12.979954367189537
matched_v1_both,F1,both,both,36,GOLD:188,1725447600000,-1.0,-13.979954367189537
matched_v1_both,F1,both,both,37,GOLD:189,1725584400000,0.5852242609439761,-13.39473010624556
matched_v1_both,F1,both,both,38,GOLD:190,1725605100000,-1.0,-14.39473010624556
matched_v1_both,F1,both,both,39,GOLD:191,1725938100000,-1.0,-15.39473010624556
matched_v1_both,F1,both,both,40,GOLD:192,1726010100000,1.0590966337230792,-14.335633472522481
matched_v1_both,F1,both,both,41,GOLD:193,1726016400000,-1.0,-15.335633472522481
matched_v1_both,F1,both,both,42,GOLD:194,1726041600000,-1.0,-16.33563347252248
matched_v1_both,F1,both,both,43,GOLD:195,1726130700000,0.5724381608230007,-15.76319531169948
matched_v1_both,F1,both,both,44,GOLD:196,1726137000000,-1.0,-16.76319531169948
matched_v1_both,F1,both,both,45,GOLD:197,1726173900000,14.151434744768267,-2.6117605669312134
matched_v1_both,F1,both,both,46,GOLD:198,1726204500000,-0.131529090754666,-2.7432896576858794
matched_v1_both,F1,both,both,47,GOLD:199,1726236900000,-1.0,-3.7432896576858794
matched_v1_both,F1,both,both,48,GOLD:200,1726470900000,-1.0,-4.74328965768588
matched_v1_both,F1,both,both,49,GOLD:201,1726557300000,-1.0,-5.74328965768588
matched_v1_both,F1,both,both,50,GOLD:202,1726619400000,-1.0,-6.74328965768588
matched_v1_both,F1,both,both,51,GOLD:203,1726640100000,-1.0,-7.74328965768588
matched_v1_both,F1,both,both,52,GOLD:204,1726672500000,-1.0,-8.74328965768588
matched_v1_both,F1,both,both,53,GOLD:205,1726691400000,-1.0,-9.74328965768588
matched_v1_both,F1,both,both,54,GOLD:206,1726757100000,-1.0,-10.74328965768588
matched_v1_both,F1,both,both,55,GOLD:207,1726856100000,-1.0,-11.74328965768588
matched_v1_both,F1,both,both,56,GOLD:208,1727063100000,-1.0,-12.74328965768588
matched_v1_both,F1,both,both,57,GOLD:209,1727111700000,0.15538576069271964,-12.58790389699316
matched_v1_both,F1,both,both,58,GOLD:210,1727144100000,-1.0,-13.58790389699316
matched_v1_both,F1,both,both,59,GOLD:211,1727218800000,5.394896622076732,-8.193007274916429
matched_v1_both,F1,both,both,60,GOLD:212,1727271900000,-1.0,-9.193007274916429
matched_v1_both,F1,both,both,61,GOLD:213,1727326800000,-1.0,-10.193007274916429
matched_v1_both,F1,both,both,62,GOLD:214,1727443800000,-1.0,-11.193007274916429
matched_v1_both,F1,both,both,63,GOLD:215,1727674200000,-1.0,-12.193007274916429
matched_v1_both,F1,both,both,64,GOLD:216,1727714700000,3.418105365456351,-8.774901909460077
matched_v1_both,F1,both,both,65,GOLD:217,1727728200000,-1.0,-9.774901909460077
matched_v1_both,F1,both,both,66,GOLD:218,1727832600000,-1.0,-10.774901909460077
matched_v1_both,F1,both,both,67,GOLD:219,1727873100000,-1.0,-11.774901909460077
matched_v1_both,F1,both,both,68,GOLD:220,1727957700000,4.3157715119906195,-7.459130397469457
matched_v1_both,F1,both,both,69,GOLD:221,1728054900000,-1.0,-8.459130397469458
matched_v1_both,F1,both,both,70,GOLD:222,1728064800000,-1.0,-9.459130397469458
matched_v1_both,F1,both,both,71,GOLD:223,1728288000000,-1.0,-10.459130397469458
matched_v1_both,F1,both,both,72,GOLD:224,1728306900000,-1.0,-11.459130397469458
matched_v1_both,F1,both,both,73,GOLD:225,1728331200000,-1.0,-12.459130397469458
matched_v1_both,F1,both,both,74,GOLD:226,1728352800000,-1.0,-13.459130397469458
matched_v1_both,F1,both,both,75,GOLD:227,1728358200000,-1.0,-14.459130397469458
matched_v1_both,F1,both,both,76,GOLD:228,1728381600000,-1.0,-15.459130397469458
matched_v1_both,F1,both,both,77,GOLD:229,1728416700000,3.0223196754852992,-12.436810721984159
matched_v1_both,F1,both,both,78,GOLD:230,1728450900000,-1.0,-13.436810721984159
matched_v1_both,F1,both,both,79,GOLD:231,1728463500000,-1.0,-14.436810721984159
matched_v1_both,F1,both,both,80,GOLD:232,1728486900000,-1.0,-15.436810721984159
matched_v1_both,F1,both,both,81,GOLD:233,1728674100000,4.246775576528561,-11.190035145455598
matched_v1_both,F1,both,both,82,GOLD:234,1728898200000,1.1145207599109934,-10.075514385544604
matched_v1_both,F1,both,both,83,GOLD:235,1728993600000,-1.0,-11.075514385544604
matched_v1_both,F1,both,both,84,GOLD:236,1729023300000,0.09415131641022002,-10.981363069134384
matched_v1_both,F1,both,both,85,GOLD:237,1729045800000,-1.0,-11.981363069134384
matched_v1_both,F1,both,both,86,GOLD:238,1729087200000,-1.0,-12.981363069134384
matched_v1_both,F1,both,both,87,GOLD:239,1729129500000,-1.0,-13.981363069134384
matched_v1_both,F1,both,both,88,GOLD:240,1729148400000,-1.0,-14.981363069134384
matched_v1_both,F1,both,both,89,GOLD:241,1729166400000,-1.0,-15.981363069134384
matched_v1_both,F1,both,both,90,GOLD:242,1729183500000,-1.0,-16.98136306913438
matched_v1_both,F1,both,both,91,GOLD:243,1729233900000,2.9877551563303935,-13.993607912803988
matched_v1_both,F1,both,both,92,GOLD:244,1729251900000,-1.0,-14.993607912803988
matched_v1_both,F1,both,both,93,GOLD:245,1729256400000,-1.0,-15.993607912803988
matched_v1_both,F1,both,both,94,GOLD:246,1729264500000,-1.0,-16.993607912803988
matched_v1_both,F1,both,both,95,GOLD:247,1729472400000,1.1323419222705975,-15.86126599053339
matched_v1_both,F1,both,both,96,GOLD:248,1729476900000,-1.0,-16.86126599053339
matched_v1_both,F1,both,both,97,GOLD:249,1729505700000,-1.0,-17.86126599053339
matched_v1_both,F1,both,both,98,GOLD:250,1729512900000,-1.0,-18.86126599053339
matched_v1_both,F1,both,both,99,GOLD:251,1729589400000,4.919243112503876,-13.942022878029514
matched_v1_both,F1,both,both,100,GOLD:252,1729596600000,-1.0,-14.942022878029514
matched_v1_both,F1,both,both,101,GOLD:253,1729606500000,-1.174172785944349,-16.116195663973862
matched_v1_both,F1,both,both,102,GOLD:254,1729678500000,0.1937042370010562,-15.922491426972806
matched_v1_both,F1,both,both,103,GOLD:255,1729782000000,-1.0,-16.922491426972805
matched_v1_both,F1,both,both,104,GOLD:256,1729838700000,3.764460733497173,-13.15803069347563
matched_v1_both,F1,both,both,105,GOLD:257,1729855800000,-1.0,-14.15803069347563
matched_v1_both,F1,both,both,106,GOLD:258,1730071800000,-1.0,-15.15803069347563
matched_v1_both,F1,both,both,107,GOLD:259,1730121300000,-1.0,-16.15803069347563
matched_v1_both,F1,both,both,108,GOLD:260,1730255400000,-1.0,-17.15803069347563
matched_v1_both,F1,both,both,109,GOLD:261,1730273400000,-1.0,-18.15803069347563
matched_v1_both,F1,both,both,110,GOLD:262,1730316600000,-1.0,-19.15803069347563
matched_v1_both,F1,both,both,111,GOLD:263,1730678400000,1.1191916078448063,-18.038839085630826
matched_v1_both,F1,both,both,112,GOLD:264,1730712600000,-1.0,-19.038839085630826
matched_v1_both,F1,both,both,113,GOLD:265,1730743200000,-1.0,-20.038839085630826
matched_v1_both,F1,both,both,114,GOLD:266,1730856600000,-1.0,-21.038839085630826
matched_v1_both,F1,both,both,115,GOLD:267,1730863800000,-1.0,-22.038839085630826
matched_v1_both,F1,both,both,116,GOLD:268,1731065400000,2.5751057526262513,-19.463733333004576
matched_v1_both,F1,both,both,117,GOLD:269,1731087000000,-1.0,-20.463733333004576
matched_v1_both,F1,both,both,118,GOLD:270,1731284100000,-1.0,-21.463733333004576
matched_v1_both,F1,both,both,119,GOLD:271,1731353400000,10.074302723572142,-11.389430609432434
matched_v1_both,F1,both,both,120,GOLD:272,1731413700000,3.6657279637111917,-7.723702645721243
matched_v1_both,F1,both,both,121,GOLD:273,1731434400000,-1.0,-8.723702645721243
matched_v1_both,F1,both,both,122,GOLD:274,1731513600000,-1.0,-9.723702645721243
matched_v1_both,F1,both,both,123,GOLD:275,1731569400000,-1.0,-10.723702645721243
matched_v1_both,F1,both,both,124,GOLD:276,1731584700000,-1.0,-11.723702645721243
matched_v1_both,F1,both,both,125,GOLD:277,1731633300000,-1.0,-12.723702645721243
matched_v1_both,F1,both,both,126,GOLD:278,1731885300000,-1.0,-13.723702645721243
matched_v1_both,F1,both,both,127,GOLD:279,1731954600000,4.832971352789093,-8.89073129293215
matched_v1_both,F1,both,both,128,GOLD:280,1731996900000,1.1418695947529134,-7.748861698179237
matched_v1_both,F1,both,both,129,GOLD:281,1732025700000,-0.21797747729833103,-7.966839175477568
matched_v1_both,F1,both,both,130,GOLD:282,1732077900000,1.377903755637473,-6.5889354198400945
matched_v1_both,F1,both,both,131,GOLD:283,1732134600000,5.403289806611334,-1.1856456132287603
matched_v1_both,F1,both,both,132,GOLD:284,1732151700000,-1.0,-2.1856456132287603
matched_v1_both,F1,both,both,133,GOLD:285,1732193100000,1.4671404907321515,-0.7185051224966088
matched_v1_both,F1,both,both,134,GOLD:286,1732221900000,-0.33685027593675176,-1.0553553984333606
matched_v1_both,F1,both,both,135,GOLD:287,1732239000000,-1.0,-2.0553553984333606
matched_v1_both,F1,both,both,136,GOLD:288,1732309200000,0.13330390829020264,-1.922051490143158
matched_v1_both,F1,both,both,137,GOLD:289,1732497300000,-1.0,-2.922051490143158
matched_v1_both,F1,both,both,138,GOLD:290,1732540500000,-1.0,-3.922051490143158
matched_v1_both,F1,both,both,139,GOLD:291,1732608900000,-1.0,-4.922051490143158
matched_v1_both,F1,both,both,140,GOLD:292,1732647600000,-1.0,-5.922051490143158
matched_v1_both,F1,both,both,141,GOLD:293,1732753800000,0.9634221103338524,-4.958629379809305
matched_v1_both,F1,both,both,142,GOLD:294,1732764600000,-1.0,-5.958629379809305
matched_v1_both,F1,both,both,143,GOLD:295,1732811400000,-1.0,-6.958629379809305
matched_v1_both,F2,both,both,144,GOLD:296,1733133600000,-0.5345190719374484,-7.4931484517467535
matched_v1_both,F2,both,both,145,GOLD:297,1733167800000,-1.0,-8.493148451746753
matched_v1_both,F2,both,both,146,GOLD:298,1733197500000,-1.0,-9.493148451746753
matched_v1_both,F2,both,both,147,GOLD:299,1733278500000,-1.0,-10.493148451746753
matched_v1_both,F2,both,both,148,GOLD:300,1733331600000,-1.0,-11.493148451746753
matched_v1_both,F2,both,both,149,GOLD:301,1733405400000,-1.0,-12.493148451746753
matched_v1_both,F2,both,both,150,GOLD:302,1733449500000,-1.0,-13.493148451746753
matched_v1_both,F2,both,both,151,GOLD:303,1733498100000,-1.0,-14.493148451746753
matched_v1_both,F2,both,both,152,GOLD:304,1733699700000,-4.0676472256930545,-18.560795677439806
matched_v1_both,F2,both,both,153,GOLD:305,1733813100000,0.04517265859705682,-18.51562301884275
matched_v1_both,F2,both,both,154,GOLD:306,1733860800000,5.325082140506627,-13.190540878336122
matched_v1_both,F2,both,both,155,GOLD:307,1733879700000,-1.0,-14.190540878336122
matched_v1_both,F2,both,both,156,GOLD:308,1733923800000,-1.0,-15.190540878336122
matched_v1_both,F2,both,both,157,GOLD:309,1733990400000,-1.0,-16.190540878336122
matched_v1_both,F2,both,both,158,GOLD:310,1734056100000,-1.0,-17.190540878336122
matched_v1_both,F2,both,both,159,GOLD:311,1734306300000,1.5628287448899194,-15.627712133446202
matched_v1_both,F2,both,both,160,GOLD:312,1734397200000,-0.035709648954777774,-15.663421782400981
matched_v1_both,F2,both,both,161,GOLD:313,1734414300000,-1.0,-16.66342178240098
matched_v1_both,F2,both,both,162,GOLD:314,1734445800000,-1.0,-17.66342178240098
matched_v1_both,F2,both,both,163,GOLD:315,1734498900000,-1.0,-18.66342178240098
matched_v1_both,F2,both,both,164,GOLD:316,1734571800000,13.88920386229403,-4.774217920106951
matched_v1_both,F2,both,both,165,GOLD:317,1734634800000,1.6923841749722048,-3.081833745134746
matched_v1_both,F2,both,both,166,GOLD:318,1734920100000,-1.0,-4.081833745134746
matched_v1_both,F2,both,both,167,GOLD:319,1735001100000,-1.0,-5.081833745134746
matched_v1_both,F2,both,both,168,GOLD:320,1735216200000,3.858923162892611,-1.2229105822421356
matched_v1_both,F2,both,both,169,GOLD:321,1735231500000,-1.0,-2.2229105822421356
matched_v1_both,F2,both,both,170,GOLD:322,1735247700000,-0.014951001435482796,-2.2378615836776183
matched_v1_both,F2,both,both,171,GOLD:323,1735287300000,-1.0,-3.2378615836776183
matched_v1_both,F2,both,both,172,GOLD:324,1735536600000,-0.3423995246905718,-3.58026110836819
matched_v1_both,F2,both,both,173,GOLD:325,1735565400000,-1.0,-4.58026110836819
matched_v1_both,F2,both,both,174,GOLD:326,1735626600000,-1.0,-5.58026110836819
matched_v1_both,F2,both,both,175,GOLD:327,1735845300000,1.3795597149377206,-4.200701393430469
matched_v1_both,F2,both,both,176,GOLD:328,1736127900000,-1.0,-5.200701393430469
matched_v1_both,F2,both,both,177,GOLD:329,1736171100000,-1.0,-6.200701393430469
matched_v1_both,F2,both,both,178,GOLD:330,1736249400000,-1.0,-7.200701393430469
matched_v1_both,F2,both,both,179,GOLD:331,1736325000000,-1.0,-8.200701393430469
matched_v1_both,F2,both,both,180,GOLD:332,1736358300000,-1.0,-9.200701393430469
matched_v1_both,F2,both,both,181,GOLD:333,1736409600000,-1.0,-10.200701393430469
matched_v1_both,F2,both,both,182,GOLD:334,1736513100000,2.1158160869737803,-8.08488530645669
matched_v1_both,F2,both,both,183,GOLD:335,1736536500000,-0.0333570563720274,-8.118242362828717
matched_v1_both,F2,both,both,184,GOLD:336,1736820000000,2.133293073678362,-5.984949289150355
matched_v1_both,F2,both,both,185,GOLD:337,1736856000000,-1.0,-6.984949289150355
matched_v1_both,F2,both,both,186,GOLD:338,1736862300000,-1.0,-7.984949289150355
matched_v1_both,F2,both,both,187,GOLD:339,1736907300000,-1.0,-8.984949289150354
matched_v1_both,F2,both,both,188,GOLD:340,1736958600000,-1.0,-9.984949289150354
matched_v1_both,F2,both,both,189,GOLD:341,1736992800000,-1.0,-10.984949289150354
matched_v1_both,F2,both,both,190,GOLD:342,1737018000000,-1.0,-11.984949289150354
matched_v1_both,F2,both,both,191,GOLD:343,1737054000000,0.19927799665505805,-11.785671292495296
matched_v1_both,F2,both,both,192,GOLD:344,1737138600000,-1.0,-12.785671292495296
matched_v1_both,F2,both,both,193,GOLD:345,1737367200000,0.9505466859165963,-11.8351246065787
matched_v1_both,F2,both,both,194,GOLD:346,1737468000000,-1.0,-12.8351246065787
matched_v1_both,F2,both,both,195,GOLD:347,1737517500000,0.41075035422065626,-12.424374252358044
matched_v1_both,F2,both,both,196,GOLD:348,1737527400000,-1.0,-13.424374252358044
matched_v1_both,F2,both,both,197,GOLD:349,1737544500000,-1.0,-14.424374252358044
matched_v1_both,F2,both,both,198,GOLD:350,1737668700000,-0.34648942505328717,-14.77086367741133
matched_v1_both,F2,both,both,199,GOLD:351,1737704700000,10.902720513081295,-3.8681431643300357
matched_v1_both,F2,both,both,200,GOLD:352,1737728100000,-1.0,-4.868143164330036
matched_v1_both,F2,both,both,201,GOLD:353,1737734400000,-1.0,-5.868143164330036
matched_v1_both,F2,both,both,202,GOLD:354,1737984600000,-1.0,-6.868143164330036
matched_v1_both,F2,both,both,203,GOLD:355,1738054800000,-1.0,-7.868143164330036
matched_v1_both,F2,both,both,204,GOLD:356,1738132200000,-1.0,-8.868143164330036
matched_v1_both,F2,both,both,205,GOLD:357,1738159200000,-1.0,-9.868143164330036
matched_v1_both,F2,both,both,206,GOLD:358,1738344600000,0.9173125698498154,-8.95083059448022
matched_v1_both,F2,both,both,207,GOLD:359,1738346400000,-1.0,-9.95083059448022
matched_v1_both,F2,both,both,208,GOLD:360,1738605600000,9.605610420793758,-0.34522017368646196
matched_v1_both,F2,both,both,209,GOLD:361,1738636200000,-1.0,-1.345220173686462
matched_v1_both,F2,both,both,210,GOLD:362,1738699200000,7.1120666241100965,5.7668464504236345
matched_v1_both,F2,both,both,211,GOLD:363,1738756800000,4.8784101776117526,10.645256628035387
matched_v1_both,F2,both,both,212,GOLD:364,1738772100000,-1.0,9.645256628035387
matched_v1_both,F2,both,both,213,GOLD:365,1738812600000,-1.0,8.645256628035387
matched_v1_both,F2,both,both,214,GOLD:366,1738818900000,-1.0,7.645256628035387
matched_v1_both,F2,both,both,215,GOLD:367,1738847700000,-1.0,6.645256628035387
matched_v1_both,F2,both,both,216,GOLD:368,1738908000000,2.3255462273971985,8.970802855432586
matched_v1_both,F2,both,both,217,GOLD:369,1738953000000,-1.0,7.970802855432586
matched_v1_both,F2,both,both,218,GOLD:370,1739241900000,-1.0,6.970802855432586
matched_v1_both,F2,both,both,219,GOLD:371,1739302200000,-1.0,5.970802855432586
matched_v1_both,F2,both,both,220,GOLD:372,1739369700000,-1.0,4.970802855432586
matched_v1_both,F2,both,both,221,GOLD:373,1739457900000,-1.0,3.970802855432586
matched_v1_both,F2,both,both,222,GOLD:374,1739473200000,-1.0,2.970802855432586
matched_v1_both,F2,both,both,223,GOLD:375,1739516400000,-1.0,1.970802855432586
matched_v1_both,F2,both,both,224,GOLD:376,1739843100000,-1.0,0.970802855432586
matched_v1_both,F2,both,both,225,GOLD:377,1739943900000,-1.0,-0.029197144567413957
matched_v1_both,F2,both,both,226,GOLD:378,1739967300000,-1.0,-1.029197144567414
matched_v1_both,F2,both,both,227,GOLD:379,1740001500000,-1.0,-2.029197144567414
matched_v1_both,F2,both,both,228,GOLD:380,1740102300000,-1.0,-3.029197144567414
matched_v1_both,F2,both,both,229,GOLD:381,1740361500000,-1.0,-4.029197144567414
matched_v1_both,F2,both,both,230,GOLD:382,1740413700000,-1.0,-5.029197144567414
matched_v1_both,F2,both,both,231,GOLD:383,1740475800000,0.06987315157024288,-4.959323992997171
matched_v1_both,F2,both,both,232,GOLD:384,1740488400000,-1.0,-5.959323992997171
matched_v1_both,F2,both,both,233,GOLD:385,1740512700000,-0.3484260409654751,-6.307750033962646
matched_v1_both,F2,both,both,234,GOLD:386,1740547800000,-1.0,-7.307750033962646
matched_v1_both,F2,both,both,235,GOLD:387,1740585600000,-1.0,-8.307750033962646
matched_v1_both,F2,both,both,236,GOLD:388,1740654000000,6.708904295702249,-1.5988457382603976
matched_v1_both,F2,both,both,237,GOLD:389,1740679200000,-1.0,-2.5988457382603976
matched_v1_both,F2,both,both,238,GOLD:390,1740700800000,-0.24323213107245029,-2.8420778693328477
matched_v1_both,F2,both,both,239,GOLD:391,1740736800000,1.440926743157826,-1.4011511261750216
matched_v1_both,F2,both,both,240,GOLD:392,1740759300000,-1.0,-2.4011511261750216
matched_v1_both,F2,both,both,241,GOLD:393,1740768300000,-1.0,-3.4011511261750216
matched_v1_both,F2,both,both,242,GOLD:394,1740992400000,-1.0,-4.401151126175021
matched_v1_both,F2,both,both,243,GOLD:395,1741059000000,-1.0,-5.401151126175021
matched_v1_both,F2,both,both,244,GOLD:396,1741098600000,4.341998582840561,-1.0591525433344602
matched_v1_both,F2,both,both,245,GOLD:397,1741132800000,-0.7120358659090963,-1.7711884092435564
matched_v1_both,F2,both,both,246,GOLD:398,1741161600000,-1.0,-2.7711884092435564
matched_v1_both,F2,both,both,247,GOLD:399,1741194900000,-1.0,-3.7711884092435564
matched_v1_both,F2,both,both,248,GOLD:400,1741216500000,-1.0,-4.771188409243557
matched_v1_both,F2,both,both,249,GOLD:401,1741230900000,-1.0,-5.771188409243557
matched_v1_both,F2,both,both,250,GOLD:402,1741275000000,-1.0,-6.771188409243557
matched_v1_both,F2,both,both,251,GOLD:403,1741353300000,1.5257069280820656,-5.245481481161491
matched_v1_both,F2,both,both,252,GOLD:404,1741362300000,-1.0,-6.245481481161491
matched_v1_both,F2,both,both,253,GOLD:405,1741571100000,-1.0,-7.245481481161491
matched_v1_both,F2,both,both,254,GOLD:406,1741743900000,-1.0,-8.245481481161491
matched_v1_both,F2,both,both,255,GOLD:407,1741772700000,-1.0,-9.245481481161491
matched_v1_both,F2,both,both,256,GOLD:408,1741786200000,-1.0,-10.245481481161491
matched_v1_both,F2,both,both,257,GOLD:409,1741811400000,3.0880619976143486,-7.157419483547143
matched_v1_both,F2,both,both,258,GOLD:410,1741843800000,-1.0,-8.157419483547143
matched_v1_both,F2,both,both,259,GOLD:411,1741861800000,-1.0,-9.157419483547143
matched_v1_both,F2,both,both,260,GOLD:412,1741904100000,6.940483808848534,-2.2169356746986084
matched_v1_both,F2,both,both,261,GOLD:413,1741949100000,-1.0,-3.2169356746986084
matched_v1_both,F2,both,both,262,GOLD:414,1742171400000,-1.0,-4.216935674698608
matched_v1_both,F2,both,both,263,GOLD:415,1742213700000,-1.0,-5.216935674698608
matched_v1_both,F2,both,both,264,GOLD:416,1742256900000,0.7949868859113827,-4.421948788787226
matched_v1_both,F2,both,both,265,GOLD:417,1742309100000,9.621423106673763,5.199474317886537
matched_v1_both,F2,both,both,266,GOLD:418,1742372100000,-1.0,4.199474317886537
matched_v1_both,F2,both,both,267,GOLD:419,1742390100000,-1.0,3.199474317886537
matched_v1_both,F2,both,both,268,GOLD:420,1742410800000,-1.0,2.199474317886537
matched_v1_both,F2,both,both,269,GOLD:421,1742519700000,0.03365668253523089,2.2331310004217677
matched_v1_both,F2,both,both,270,GOLD:422,1742569200000,-1.0,1.2331310004217677
matched_v1_both,F2,both,both,271,GOLD:423,1742792400000,-1.0,0.2331310004217677
matched_v1_both,F2,both,both,272,GOLD:424,1742849100000,0.7789332899977408,1.0120642904195085
matched_v1_both,F2,both,both,273,GOLD:425,1742940900000,-1.0,0.012064290419508517
matched_v1_both,F2,both,both,274,GOLD:426,1742967900000,-1.0,-0.9879357095804915
matched_v1_both,F2,both,both,275,GOLD:427,1742985000000,-1.0,-1.9879357095804915
matched_v1_both,F2,both,both,276,GOLD:428,1743000300000,-1.0,-2.9879357095804915
matched_v1_both,F2,both,both,277,GOLD:429,1743108300000,-0.3311578220498156,-3.319093531630307
matched_v1_both,F2,both,both,278,GOLD:430,1743150600000,1.6484718302749433,-1.6706217013553637
matched_v1_both,F2,both,both,279,GOLD:431,1743184800000,-1.0,-2.6706217013553637
matched_v1_both,F2,both,both,280,GOLD:432,1743382800000,-1.0,-3.6706217013553637
matched_v1_both,F2,both,both,281,GOLD:433,1743414300000,3.884886245761479,0.2142645444061153
matched_v1_both,F3,both,both,282,GOLD:435,1743488100000,1.2727353903369547,1.48699993474307
matched_v1_both,F3,both,both,283,GOLD:436,1743569100000,-1.0,0.48699993474307
matched_v1_both,F3,both,both,284,GOLD:437,1743585300000,-1.0,-0.51300006525693
matched_v1_both,F3,both,both,285,GOLD:438,1743613200000,-1.0,-1.51300006525693
matched_v1_both,F3,both,both,286,GOLD:439,1743650100000,1.5486333156316006,0.03563325037467058
matched_v1_both,F3,both,both,287,GOLD:440,1743741900000,-1.0,-0.9643667496253294
matched_v1_both,F3,both,both,288,GOLD:441,1743761700000,-1.0,-1.9643667496253294
matched_v1_both,F3,both,both,289,GOLD:442,1743795900000,3.1923887018278276,1.2280219522024982
matched_v1_both,F3,both,both,290,GOLD:443,1743984000000,-1.0,0.2280219522024982
matched_v1_both,F3,both,both,291,GOLD:444,1744035300000,-1.0,-0.7719780477975018
matched_v1_both,F3,both,both,292,GOLD:445,1744155000000,0.5516030402165282,-0.22037500758097361
matched_v1_both,F3,both,both,293,GOLD:446,1744157700000,-1.0,-1.2203750075809736
matched_v1_both,F3,both,both,294,GOLD:447,1744224300000,-1.0,-2.220375007580974
matched_v1_both,F3,both,both,295,GOLD:448,1744247700000,-1.0,-3.220375007580974
matched_v1_both,F3,both,both,296,GOLD:449,1744268400000,1.5950595095000313,-1.6253154980809426
matched_v1_both,F3,both,both,297,GOLD:450,1744289100000,-1.0,-2.6253154980809423
matched_v1_both,F3,both,both,298,GOLD:451,1744368300000,-1.0,-3.6253154980809423
matched_v1_both,F3,both,both,299,GOLD:452,1744380000000,-1.0,-4.625315498080942
matched_v1_both,F3,both,both,300,GOLD:453,1744597800000,-1.0,-5.625315498080942
matched_v1_both,F3,both,both,301,GOLD:454,1744679700000,-1.0,-6.625315498080942
matched_v1_both,F3,both,both,302,GOLD:455,1744799400000,21.786162739257975,15.160847241177033
matched_v1_both,F3,both,both,303,GOLD:456,1744850700000,2.1294488765170563,17.29029611769409
matched_v1_both,F3,both,both,304,GOLD:457,1744918200000,-1.0,16.29029611769409
matched_v1_both,F3,both,both,305,GOLD:458,1745222400000,-1.0,15.29029611769409
matched_v1_both,F3,both,both,306,GOLD:459,1745243100000,-1.0,14.29029611769409
matched_v1_both,F3,both,both,307,GOLD:460,1745280900000,-1.0,13.29029611769409
matched_v1_both,F3,both,both,308,GOLD:461,1745288100000,-1.0,12.29029611769409
matched_v1_both,F3,both,both,309,GOLD:462,1745376300000,-1.0,11.29029611769409
matched_v1_both,F3,both,both,310,GOLD:463,1745399700000,-1.0,10.29029611769409
matched_v1_both,F3,both,both,311,GOLD:464,1745427600000,-1.0,9.29029611769409
matched_v1_both,F3,both,both,312,GOLD:465,1745478900000,-1.0,8.29029611769409
matched_v1_both,F3,both,both,313,GOLD:466,1745494200000,-1.0,7.290296117694091
matched_v1_both,F3,both,both,314,GOLD:467,1745505900000,-1.0,6.290296117694091
matched_v1_both,F3,both,both,315,GOLD:468,1745579700000,2.5802128408203755,8.870508958514467
matched_v1_both,F3,both,both,316,GOLD:469,1745584200000,-1.0,7.870508958514467
matched_v1_both,F3,both,both,317,GOLD:470,1745589600000,-1.0,6.870508958514467
matched_v1_both,F3,both,both,318,GOLD:471,1745811000000,-1.0,5.870508958514467
matched_v1_both,F3,both,both,319,GOLD:472,1745826300000,-1.0,4.870508958514467
matched_v1_both,F3,both,both,320,GOLD:473,1745913600000,2.7142882794992595,7.584797238013726
matched_v1_both,F3,both,both,321,GOLD:474,1745932500000,-1.0,6.584797238013726
matched_v1_both,F3,both,both,322,GOLD:475,1745998200000,0.17753098853529747,6.762328226549023
matched_v1_both,F3,both,both,323,GOLD:476,1746017100000,-1.0,5.762328226549023
matched_v1_both,F3,both,both,324,GOLD:477,1746080100000,9.088668848803204,14.850997075352227
matched_v1_both,F3,both,both,325,GOLD:478,1746102600000,-1.0,13.850997075352227
matched_v1_both,F3,both,both,326,GOLD:479,1746118800000,-1.0,12.850997075352227
matched_v1_both,F3,both,both,327,GOLD:480,1746198000000,-1.0,11.850997075352227
matched_v1_both,F3,both,both,328,GOLD:481,1746475200000,-1.0,10.850997075352227
matched_v1_both,F3,both,both,329,GOLD:482,1746507600000,0.63420278511033,11.485199860462558
matched_v1_both,F3,both,both,330,GOLD:483,1746523800000,-1.0,10.485199860462558
matched_v1_both,F3,both,both,331,GOLD:484,1746539100000,-1.0,9.485199860462558
matched_v1_both,F3,both,both,332,GOLD:485,1746570600000,-1.0,8.485199860462558
matched_v1_both,F3,both,both,333,GOLD:486,1746627300000,-1.0,7.485199860462558
matched_v1_both,F3,both,both,334,GOLD:487,1746642600000,-1.0,6.485199860462558
matched_v1_both,F3,both,both,335,GOLD:488,1746667800000,-1.0,5.485199860462558
matched_v1_both,F3,both,both,336,GOLD:489,1746713700000,-1.0,4.485199860462558
matched_v1_both,F3,both,both,337,GOLD:490,1746758700000,-1.0,3.485199860462558
matched_v1_both,F3,both,both,338,GOLD:491,1747022400000,10.715448546405137,14.200648406867694
matched_v1_both,F3,both,both,339,GOLD:492,1747053000000,0.22200157165429618,14.42264997852199
matched_v1_both,F3,both,both,340,GOLD:493,1747076400000,-1.0,13.42264997852199
matched_v1_both,F3,both,both,341,GOLD:494,1747104300000,-1.0,12.42264997852199
matched_v1_both,F3,both,both,342,GOLD:495,1747152000000,-1.0,11.42264997852199
matched_v1_both,F3,both,both,343,GOLD:496,1747186200000,-1.0,10.42264997852199
matched_v1_both,F3,both,both,344,GOLD:497,1747246500000,5.620710305797543,16.043360284319533
matched_v1_both,F3,both,both,345,GOLD:498,1747251900000,-1.0,15.043360284319533
matched_v1_both,F3,both,both,346,GOLD:499,1747296000000,1.9853806087995143,17.028740893119046
matched_v1_both,F3,both,both,347,GOLD:500,1747376100000,-1.0,16.028740893119046
matched_v1_both,F3,both,both,348,GOLD:501,1747621800000,6.663376985785561,22.692117878904607
matched_v1_both,F3,both,both,349,GOLD:502,1747659600000,-0.5322244105606012,22.159893468344006
matched_v1_both,F3,both,both,350,GOLD:503,1747773900000,11.00385190620501,33.163745374549016
matched_v1_both,F3,both,both,351,GOLD:504,1747814400000,-1.0,32.163745374549016
matched_v1_both,F3,both,both,352,GOLD:505,1747857600000,-1.0,31.163745374549016
matched_v1_both,F3,both,both,353,GOLD:506,1747962000000,-1.0,30.163745374549016
matched_v1_both,F3,both,both,354,GOLD:507,1748007900000,-1.0,29.163745374549016
matched_v1_both,F3,both,both,355,GOLD:508,1748310300000,-1.0,28.163745374549016
matched_v1_both,F3,both,both,356,GOLD:509,1748404800000,-1.0,27.163745374549016
matched_v1_both,F3,both,both,357,GOLD:510,1748436300000,-1.0,26.163745374549016
matched_v1_both,F3,both,both,358,GOLD:511,1748488500000,5.566614642520973,31.73036001706999
matched_v1_both,F3,both,both,359,GOLD:512,1748564100000,-1.0,30.73036001706999
matched_v1_both,F3,both,both,360,GOLD:513,1748619900000,-1.0,29.73036001706999
matched_v1_both,F3,both,both,361,GOLD:514,1748883600000,0.12977605666393194,29.860136073733923
matched_v1_both,F3,both,both,362,GOLD:515,1748907000000,-1.0,28.860136073733923
matched_v1_both,F3,both,both,363,GOLD:516,1748994300000,-1.0,27.860136073733923
matched_v1_both,F3,both,both,364,GOLD:517,1749067200000,0.574954679234485,28.435090752968406
matched_v1_both,F3,both,both,365,GOLD:518,1749087000000,-1.0,27.435090752968406
matched_v1_both,F3,both,both,366,GOLD:519,1749129300000,-1.0,26.435090752968406
matched_v1_both,F3,both,both,367,GOLD:520,1749170700000,-1.0,25.435090752968406
matched_v1_both,F3,both,both,368,GOLD:521,1749199500000,-1.0,24.435090752968406
matched_v1_both,F3,both,both,369,GOLD:522,1749436200000,-1.0,23.435090752968406
matched_v1_both,F3,both,both,370,GOLD:523,1749477600000,-1.0,22.435090752968406
matched_v1_both,F3,both,both,371,GOLD:524,1749535200000,2.9178958586867587,25.352986611655165
matched_v1_both,F3,both,both,372,GOLD:525,1749584700000,-1.0,24.352986611655165
matched_v1_both,F3,both,both,373,GOLD:526,1749595500000,-1.0,23.352986611655165
matched_v1_both,F3,both,both,374,GOLD:527,1749644100000,-1.0,22.352986611655165
matched_v1_both,F3,both,both,375,GOLD:528,1749653100000,-1.0,21.352986611655165
matched_v1_both,F3,both,both,376,GOLD:529,1749665700000,-1.0,20.352986611655165
matched_v1_both,F3,both,both,377,GOLD:530,1749728700000,-1.0,19.352986611655165
matched_v1_both,F3,both,both,378,GOLD:531,1749792600000,2.848159191320966,22.201145802976132
matched_v1_both,F3,both,both,379,GOLD:532,1749823200000,-1.0,21.201145802976132
matched_v1_both,F3,both,both,380,GOLD:533,1749845700000,-1.0,20.201145802976132
matched_v1_both,F3,both,both,381,GOLD:534,1750027500000,-1.0,19.201145802976132
matched_v1_both,F3,both,both,382,GOLD:535,1750117500000,-1.0,18.201145802976132
matched_v1_both,F3,both,both,383,GOLD:536,1750181400000,-1.0,17.201145802976132
matched_v1_both,F3,both,both,384,GOLD:537,1750218300000,-1.0,16.201145802976132
matched_v1_both,F3,both,both,385,GOLD:538,1750233600000,-1.0,15.201145802976132
matched_v1_both,F3,both,both,386,GOLD:539,1750285800000,-1.0,14.201145802976132
matched_v1_both,F3,both,both,387,GOLD:540,1750323600000,1.3246334837760994,15.52577928675223
matched_v1_both,F3,both,both,388,GOLD:541,1750346100000,-1.0,14.52577928675223
matched_v1_both,F3,both,both,389,GOLD:542,1750375800000,-1.0,13.52577928675223
matched_v1_both,F3,both,both,390,GOLD:543,1750425300000,-1.0,12.52577928675223
matched_v1_both,F3,both,both,391,GOLD:544,1750644900000,-1.0,11.52577928675223
matched_v1_both,F3,both,both,392,GOLD:545,1750736700000,3.9708873979582844,15.496666684710515
matched_v1_both,F3,both,both,393,GOLD:546,1750761900000,2.5712959160407918,18.067962600751308
matched_v1_both,F3,both,both,394,GOLD:547,1750780800000,0.21557313394657251,18.28353573469788
matched_v1_both,F3,both,both,395,GOLD:548,1750846500000,-1.0,17.28353573469788
matched_v1_both,F3,both,both,396,GOLD:549,1750940100000,-1.0,16.28353573469788
matched_v1_both,F3,both,both,397,GOLD:550,1750979700000,-1.0,15.283535734697882
matched_v1_both,F3,both,both,398,GOLD:551,1751038200000,-0.14903252615528878,15.134503208542593
matched_v1_both,F3,both,both,399,GOLD:552,1751237100000,-1.0,14.134503208542593
matched_v1_both,F3,both,both,400,GOLD:553,1751287500000,-1.0,13.134503208542593
matched_v1_both,F3,both,both,401,GOLD:554,1751435100000,-1.0,12.134503208542593
matched_v1_both,F3,both,both,402,GOLD:555,1751457600000,-1.0,11.134503208542593
matched_v1_both,F3,both,both,403,GOLD:556,1751500800000,0.7980545799969125,11.932557788539507
matched_v1_both,F3,both,both,404,GOLD:557,1751527800000,-1.0,10.932557788539507
matched_v1_both,F3,both,both,405,GOLD:558,1751593500000,-1.0,9.932557788539507
matched_v1_both,F3,both,both,406,GOLD:559,1751891400000,-1.0,8.932557788539507
matched_v1_both,F3,both,both,407,GOLD:560,1751952600000,-1.0,7.932557788539507
matched_v1_both,F3,both,both,408,GOLD:561,1751998500000,3.2693124826995756,11.201870271239082
matched_v1_both,F3,both,both,409,GOLD:562,1752031800000,-1.0,10.201870271239082
matched_v1_both,F3,both,both,410,GOLD:563,1752225300000,4.399020165770962,14.600890437010044
matched_v1_both,F3,both,both,411,GOLD:564,1752233400000,-1.0,13.600890437010044
matched_v1_both,F3,both,both,412,GOLD:565,1752446700000,-1.0,12.600890437010044
matched_v1_both,F3,both,both,413,GOLD:566,1752480000000,-1.0,11.600890437010044
matched_v1_both,F3,both,both,414,GOLD:567,1752572700000,4.346970399108207,15.94786083611825
matched_v1_both,F3,both,both,415,GOLD:568,1752672600000,-1.0,14.94786083611825
matched_v1_both,F3,both,both,416,GOLD:569,1752718500000,-1.0,13.94786083611825
matched_v1_both,F3,both,both,417,GOLD:570,1752815700000,-1.0,12.94786083611825
matched_v1_both,F3,both,both,418,GOLD:571,1753064100000,-1.0,11.94786083611825
matched_v1_both,F3,both,both,419,GOLD:572,1753119900000,5.910630893389829,17.85849172950808
matched_v1_both,F3,both,both,420,GOLD:573,1753213500000,14.508063489998403,32.36655521950648
matched_v1_both,F3,both,both,421,GOLD:574,1753265700000,-1.0,31.36655521950648
matched_v1_both,F3,both,both,422,GOLD:575,1753452900000,7.779185115203735,39.14574033471021
matched_v1_both,F3,both,both,423,GOLD:576,1753465500000,-0.6986672899322688,38.447073044777945
matched_v1_both,F3,both,both,424,GOLD:577,1753729200000,6.419695330226437,44.86676837500438
matched_v1_both,F3,both,both,425,GOLD:578,1753799400000,-1.0,43.86676837500438
matched_v1_both,F3,both,both,426,GOLD:579,1753810200000,-1.0,42.86676837500438
matched_v1_both,F3,both,both,427,GOLD:580,1753918200000,5.905228045595399,48.771996420599784
matched_v1_both,F4,both,both,428,GOLD:582,1754038800000,-1.0,47.771996420599784
matched_v1_both,F4,both,both,429,GOLD:583,1754261100000,-1.0,46.771996420599784
matched_v1_both,F4,both,both,430,GOLD:584,1754310600000,-1.0,45.771996420599784
matched_v1_both,F4,both,both,431,GOLD:585,1754361000000,-1.0,44.771996420599784
matched_v1_both,F4,both,both,432,GOLD:586,1754421300000,2.5467575231680217,47.3187539437678
matched_v1_both,F4,both,both,433,GOLD:587,1754442900000,-1.0,46.3187539437678
matched_v1_both,F4,both,both,434,GOLD:588,1754495100000,-1.0,45.3187539437678
matched_v1_both,F4,both,both,435,GOLD:589,1754536500000,-1.0,44.3187539437678
matched_v1_both,F4,both,both,436,GOLD:590,1754554500000,-1.0,43.3187539437678
matched_v1_both,F4,both,both,437,GOLD:591,1754577000000,-1.0,42.3187539437678
matched_v1_both,F4,both,both,438,GOLD:592,1754600400000,-1.0,41.3187539437678
matched_v1_both,F4,both,both,439,GOLD:593,1754635500000,-1.0,40.3187539437678
matched_v1_both,F4,both,both,440,GOLD:594,1754649000000,-1.0,39.3187539437678
matched_v1_both,F4,both,both,441,GOLD:595,1754676000000,-1.0,38.3187539437678
matched_v1_both,F4,both,both,442,GOLD:596,1754928000000,0.07610765986334118,38.39486160363114
matched_v1_both,F4,both,both,443,GOLD:597,1754934300000,-1.0,37.39486160363114
matched_v1_both,F4,both,both,444,GOLD:598,1754953200000,-1.0,36.39486160363114
matched_v1_both,F4,both,both,445,GOLD:599,1754984700000,-1.0,35.39486160363114
matched_v1_both,F4,both,both,446,GOLD:600,1755002700000,-1.0,34.39486160363114
matched_v1_both,F4,both,both,447,GOLD:601,1755011700000,-1.0,33.39486160363114
matched_v1_both,F4,both,both,448,GOLD:602,1755047700000,-1.0,32.39486160363114
matched_v1_both,F4,both,both,449,GOLD:603,1755115200000,-1.0,31.394861603631142
matched_v1_both,F4,both,both,450,GOLD:604,1755155700000,-1.0,30.394861603631142
matched_v1_both,F4,both,both,451,GOLD:605,1755198900000,2.210990152391276,32.60585175602242
matched_v1_both,F4,both,both,452,GOLD:606,1755258300000,-1.0,31.605851756022417
matched_v1_both,F4,both,both,453,GOLD:607,1755288000000,-1.0,30.605851756022417
matched_v1_both,F4,both,both,454,GOLD:608,1755549000000,2.5966911520563625,33.20254290807878
matched_v1_both,F4,both,both,455,GOLD:609,1755611100000,-1.0,32.20254290807878
matched_v1_both,F4,both,both,456,GOLD:610,1755784800000,-1.0,31.202542908078783
matched_v1_both,F4,both,both,457,GOLD:611,1755892800000,1.9171288380593592,33.119671746138145
matched_v1_both,F4,both,both,458,GOLD:612,1756107900000,-1.0,32.119671746138145
matched_v1_both,F4,both,both,459,GOLD:613,1756125900000,-1.0,31.119671746138145
matched_v1_both,F4,both,both,460,GOLD:614,1756132200000,-1.0,30.119671746138145
matched_v1_both,F4,both,both,461,GOLD:615,1756170900000,-1.0,29.119671746138145
matched_v1_both,F4,both,both,462,GOLD:616,1756201500000,-1.0,28.119671746138145
matched_v1_both,F4,both,both,463,GOLD:617,1756213200000,-1.0,27.119671746138145
matched_v1_both,F4,both,both,464,GOLD:618,1756256400000,1.9609610892837277,29.080632835421873
matched_v1_both,F4,both,both,465,GOLD:619,1756287900000,-1.0,28.080632835421873
matched_v1_both,F4,both,both,466,GOLD:620,1756336500000,3.998906058041762,32.079538893463635
matched_v1_both,F4,both,both,467,GOLD:621,1756367100000,-1.0,31.079538893463635
matched_v1_both,F4,both,both,468,GOLD:622,1756495800000,6.78912461570981,37.868663509173444
matched_v1_both,F4,both,both,469,GOLD:623,1756712700000,-0.45179654512319284,37.41686696405025
matched_v1_both,F4,both,both,470,GOLD:624,1756773900000,-1.0,36.41686696405025
matched_v1_both,F4,both,both,471,GOLD:625,1756853100000,3.655225792963489,40.07209275701374
matched_v1_both,F4,both,both,472,GOLD:626,1756893600000,-1.0,39.07209275701374
matched_v1_both,F4,both,both,473,GOLD:627,1756928700000,3.9826309679547505,43.05472372496849
matched_v1_both,F4,both,both,474,GOLD:628,1756980000000,-1.0,42.05472372496849
matched_v1_both,F4,both,both,475,GOLD:629,1757040300000,-1.0,41.05472372496849
matched_v1_both,F4,both,both,476,GOLD:630,1757077200000,-1.0,40.05472372496849
matched_v1_both,F4,both,both,477,GOLD:631,1757353500000,8.790138384749703,48.84486210971819
matched_v1_both,F4,both,both,478,GOLD:632,1757398500000,-1.0,47.84486210971819
matched_v1_both,F4,both,both,479,GOLD:633,1757427300000,-1.0,46.84486210971819
matched_v1_both,F4,both,both,480,GOLD:634,1757508300000,2.4707434078835586,49.31560551760175
matched_v1_both,F4,both,both,481,GOLD:635,1757594700000,-1.0,48.31560551760175
matched_v1_both,F4,both,both,482,GOLD:636,1757673000000,-1.0,47.31560551760175
matched_v1_both,F4,both,both,483,GOLD:637,1757696400000,-1.0,46.31560551760175
matched_v1_both,F4,both,both,484,GOLD:638,1757905200000,2.4046094095549635,48.72021492715672
matched_v1_both,F4,both,both,485,GOLD:639,1757922300000,-1.0,47.72021492715672
matched_v1_both,F4,both,both,486,GOLD:640,1758070800000,-1.0,46.72021492715672
matched_v1_both,F4,both,both,487,GOLD:641,1758136500000,-1.0,45.72021492715672
matched_v1_both,F4,both,both,488,GOLD:642,1758161700000,-1.0,44.72021492715672
matched_v1_both,F4,both,both,489,GOLD:643,1758173400000,-1.0,43.72021492715672
matched_v1_both,F4,both,both,490,GOLD:644,1758204000000,-1.0,42.72021492715672
matched_v1_both,F4,both,both,491,GOLD:645,1758243600000,-1.0,41.72021492715672
matched_v1_both,F4,both,both,492,GOLD:646,1758288600000,-1.0,40.72021492715672
matched_v1_both,F4,both,both,493,GOLD:647,1758579300000,1.8048197124261889,42.525034639582906
matched_v1_both,F4,both,both,494,GOLD:648,1758611700000,-1.0,41.525034639582906
matched_v1_both,F4,both,both,495,GOLD:649,1758707100000,-1.0,40.525034639582906
matched_v1_both,F4,both,both,496,GOLD:650,1758765600000,-1.0,39.525034639582906
matched_v1_both,F4,both,both,497,GOLD:651,1758790800000,0.9405504670664077,40.465585106649314
matched_v1_both,F4,both,both,498,GOLD:652,1758822300000,-0.20928553476188141,40.25629957188743
matched_v1_both,F4,both,both,499,GOLD:653,1758858300000,-1.0,39.25629957188743
matched_v1_both,F4,both,both,500,GOLD:654,1759098600000,-1.0,38.25629957188743
matched_v1_both,F4,both,both,501,GOLD:655,1759148100000,-1.0,37.25629957188743
matched_v1_both,F4,both,both,502,GOLD:656,1759166100000,-0.15592570912103504,37.100373862766396
matched_v1_both,F4,both,both,503,GOLD:657,1759194000000,-1.0,36.100373862766396
matched_v1_both,F4,both,both,504,GOLD:658,1759245300000,-1.0,35.100373862766396
matched_v1_both,F4,both,both,505,GOLD:659,1759320000000,0.6690086712586601,35.769382534025056
matched_v1_both,F4,both,both,506,GOLD:660,1759388400000,-1.0,34.769382534025056
matched_v1_both,F4,both,both,507,GOLD:661,1759453200000,0.3956130458202167,35.164995579845275
matched_v1_both,F4,both,both,508,GOLD:662,1759469400000,-1.0,34.164995579845275
matched_v1_both,F4,both,both,509,GOLD:663,1759768200000,-1.0,33.164995579845275
matched_v1_both,F4,both,both,510,GOLD:664,1759790700000,-1.0,32.164995579845275
matched_v1_both,F4,both,both,511,GOLD:665,1759814100000,-1.0,31.164995579845275
matched_v1_both,F4,both,both,512,GOLD:666,1759840200000,-1.0,30.164995579845275
matched_v1_both,F4,both,both,513,GOLD:667,1759860900000,-1.0,29.164995579845275
matched_v1_both,F4,both,both,514,GOLD:668,1759920300000,11.232386395135626,40.3973819749809
matched_v1_both,F4,both,both,515,GOLD:669,1759945500000,-1.0,39.3973819749809
matched_v1_both,F4,both,both,516,GOLD:670,1759991400000,-1.0,38.3973819749809
matched_v1_both,F4,both,both,517,GOLD:671,1760058000000,-0.23528564021270476,38.1620963347682
matched_v1_both,F4,both,both,518,GOLD:672,1760073300000,-1.0,37.1620963347682
matched_v1_both,F4,both,both,519,GOLD:673,1760400900000,-1.0,36.1620963347682
matched_v1_both,F4,both,both,520,GOLD:674,1760475600000,-0.06585195559342749,36.09624437917477
matched_v1_both,F4,both,both,521,GOLD:675,1760481000000,-1.0,35.09624437917477
matched_v1_both,F4,both,both,522,GOLD:676,1760566500000,-1.0,34.09624437917477
matched_v1_both,F4,both,both,523,GOLD:677,1760618700000,-1.0,33.09624437917477
matched_v1_both,F4,both,both,524,GOLD:678,1760679900000,-1.0,32.09624437917477
matched_v1_both,F4,both,both,525,GOLD:679,1760916600000,-1.0,31.09624437917477
matched_v1_both,F4,both,both,526,GOLD:680,1761095700000,-1.0,30.09624437917477
matched_v1_both,F4,both,both,527,GOLD:681,1761141600000,0.48582353941710626,30.582067918591875
matched_v1_both,F4,both,both,528,GOLD:682,1761150600000,-0.38322134966270927,30.198846568929167
matched_v1_both,F4,both,both,529,GOLD:683,1761253200000,-1.0,29.198846568929167
matched_v1_both,F4,both,both,530,GOLD:684,1761282900000,-1.0,28.198846568929167
matched_v1_both,F4,both,both,531,GOLD:685,1761338700000,-1.0,27.198846568929167
matched_v1_both,F4,both,both,532,GOLD:686,1761588000000,6.778896799954989,33.977743368884155
matched_v1_both,F4,both,both,533,GOLD:687,1761651900000,3.7978672260595863,37.77561059494374
matched_v1_both,F4,both,both,534,GOLD:688,1761693300000,-1.0,36.77561059494374
matched_v1_both,F4,both,both,535,GOLD:689,1761784200000,5.200707530851033,41.976318125794776
matched_v1_both,F4,both,both,536,GOLD:690,1761797700000,-1.0,40.976318125794776
matched_v1_both,F4,both,both,537,GOLD:691,1761901200000,-1.0,39.976318125794776
matched_v1_both,F4,both,both,538,GOLD:692,1761916500000,-1.0,38.976318125794776
matched_v1_both,F4,both,both,539,GOLD:693,1762163100000,-1.0,37.976318125794776
matched_v1_both,F4,both,both,540,GOLD:694,1762183800000,-1.0,36.976318125794776
matched_v1_both,F4,both,both,541,GOLD:695,1762247700000,-1.0,35.976318125794776
matched_v1_both,F4,both,both,542,GOLD:696,1762344000000,-1.0,34.976318125794776
matched_v1_both,F4,both,both,543,GOLD:697,1762412400000,-1.0,33.976318125794776
matched_v1_both,F4,both,both,544,GOLD:698,1762483500000,-1.0,32.976318125794776
matched_v1_both,F4,both,both,545,GOLD:699,1762547400000,-1.0,31.976318125794776
matched_v1_both,F4,both,both,546,GOLD:700,1762769700000,11.45844611513586,43.43476424093063
matched_v1_both,F4,both,both,547,GOLD:701,1762782300000,-1.0,42.43476424093063
matched_v1_both,F4,both,both,548,GOLD:702,1762800300000,-1.0,41.43476424093063
matched_v1_both,F4,both,both,549,GOLD:703,1762915500000,-1.0,40.43476424093063
matched_v1_both,F4,both,both,550,GOLD:704,1762944300000,-1.0,39.43476424093063
matched_v1_both,F4,both,both,551,GOLD:705,1763017200000,0.08354914501945555,39.51831338595009
matched_v1_both,F4,both,both,552,GOLD:706,1763031600000,-1.0,38.51831338595009
matched_v1_both,F4,both,both,553,GOLD:707,1763098200000,-1.0,37.51831338595009
matched_v1_both,F4,both,both,554,GOLD:708,1763364600000,-1.0,36.51831338595009
matched_v1_both,F4,both,both,555,GOLD:709,1763390700000,-1.0,35.51831338595009
matched_v1_both,F4,both,both,556,GOLD:710,1763428500000,2.5508531803677084,38.0691665663178
matched_v1_both,F4,both,both,557,GOLD:711,1763447400000,1.8287378242665537,39.89790439058435
matched_v1_both,F4,both,both,558,GOLD:712,1763451900000,-1.0,38.89790439058435
matched_v1_both,F4,both,both,559,GOLD:713,1763520300000,-1.0,37.89790439058435
matched_v1_both,F4,both,both,560,GOLD:714,1763578800000,-1.0,36.89790439058435
matched_v1_both,F4,both,both,561,GOLD:715,1763607600000,-1.0,35.89790439058435
matched_v1_both,F4,both,both,562,GOLD:716,1763661600000,-1.0,34.89790439058435
matched_v1_both,F4,both,both,563,GOLD:717,1763717400000,0.06572747190462992,34.96363186248898
matched_v1_both,F4,both,both,564,GOLD:718,1763939700000,-1.1949411303792856,33.7686907321097
matched_v1_both,F4,both,both,565,GOLD:719,1764043200000,-0.3308261403049072,33.43786459180479
matched_v1_both,F4,both,both,566,GOLD:720,1764094500000,-1.0,32.43786459180479
matched_v1_both,F4,both,both,567,GOLD:721,1764139500000,2.245034039836782,34.68289863164157
matched_v1_both,F4,both,both,568,GOLD:722,1764160200000,-1.0,33.68289863164157
matched_v1_both,F4,both,both,569,GOLD:723,1764182700000,-1.0,32.68289863164157
matched_v1_both,F4,both,both,570,GOLD:724,1764235800000,-1.0,31.68289863164157
matched_v1_both,F4,both,both,571,GOLD:725,1764248400000,-1.0,30.68289863164157
matched_v1_both,F4,both,both,572,GOLD:726,1764307800000,8.882841156604371,39.56573978824594
matched_v1_both,F4,both,both,573,GOLD:727,1764342900000,-1.0,38.56573978824594
matched_v1_both,F5,both,both,574,GOLD:728,1764593100000,0.4700850211650768,39.03582480941102
matched_v1_both,F5,both,both,575,GOLD:729,1764688500000,-1.0,38.03582480941102
matched_v1_both,F5,both,both,576,GOLD:730,1764712800000,-0.5299613074739351,37.505863501937085
matched_v1_both,F5,both,both,577,GOLD:731,1764765000000,-0.05958997295325124,37.44627352898383
matched_v1_both,F5,both,both,578,GOLD:732,1764790200000,-1.0,36.44627352898383
matched_v1_both,F5,both,both,579,GOLD:733,1764837900000,1.6637025868134558,38.10997611579729
matched_v1_both,F5,both,both,580,GOLD:734,1764899100000,-1.0,37.10997611579729
matched_v1_both,F5,both,both,581,GOLD:735,1765155600000,-0.002072946824393363,37.107903168972896
matched_v1_both,F5,both,both,582,GOLD:736,1765194300000,-1.0,36.107903168972896
matched_v1_both,F5,both,both,583,GOLD:737,1765203300000,-1.0,35.107903168972896
matched_v1_both,F5,both,both,584,GOLD:738,1765269900000,-1.0,34.107903168972896
matched_v1_both,F5,both,both,585,GOLD:739,1765345500000,-1.0,33.107903168972896
matched_v1_both,F5,both,both,586,GOLD:740,1765384200000,-1.0,32.107903168972896
matched_v1_both,F5,both,both,587,GOLD:741,1765432800000,0.6898068545987928,32.79771002357169
matched_v1_both,F5,both,both,588,GOLD:742,1765486800000,5.96520495054191,38.7629149741136
matched_v1_both,F5,both,both,589,GOLD:743,1765553400000,4.529382914797069,43.29229788891067
matched_v1_both,F5,both,both,590,GOLD:744,1765794600000,4.494557691781024,47.78685558069169
matched_v1_both,F5,both,both,591,GOLD:745,1765906200000,1.598281667086413,49.385137247778104
matched_v1_both,F5,both,both,592,GOLD:746,1765980900000,-1.0,48.385137247778104
matched_v1_both,F5,both,both,593,GOLD:747,1766013300000,-0.8519689331276041,47.5331683146505
matched_v1_both,F5,both,both,594,GOLD:748,1766069100000,-1.0,46.5331683146505
matched_v1_both,F5,both,both,595,GOLD:749,1766124000000,0.7417389438798198,47.27490725853032
matched_v1_both,F5,both,both,596,GOLD:750,1766414700000,-1.0,46.27490725853032
matched_v1_both,F5,both,both,597,GOLD:751,1766430900000,-0.90165706908094,45.37325018944938
matched_v1_both,F5,both,both,598,GOLD:752,1766466900000,7.696815370611296,53.07006556006068
matched_v1_both,F5,both,both,599,GOLD:753,1766545200000,-1.0,52.07006556006068
matched_v1_both,F5,both,both,600,GOLD:754,1766747700000,-1.0,51.07006556006068
matched_v1_both,F5,both,both,601,GOLD:755,1766761200000,-1.0,50.07006556006068
matched_v1_both,F5,both,both,602,GOLD:756,1767145500000,0.03447188347609426,50.10453744353677
matched_v1_both,F5,both,both,603,GOLD:757,1767175200000,1.674323704405363,51.77886114794213
matched_v1_both,F5,both,both,604,GOLD:758,1767186900000,0.1919748965290495,51.97083604447118
matched_v1_both,F5,both,both,605,GOLD:759,1767388500000,3.331502782616147,55.302338827087326
matched_v1_both,F5,both,both,606,GOLD:760,1767622500000,-1.0,54.302338827087326
matched_v1_both,F5,both,both,607,GOLD:761,1767681900000,1.0858114969519481,55.38815032403927
matched_v1_both,F5,both,both,608,GOLD:762,1767728700000,1.6592177112236046,57.04736803526288
matched_v1_both,F5,both,both,609,GOLD:763,1767746700000,-1.0,56.04736803526288
matched_v1_both,F5,both,both,610,GOLD:764,1767832200000,-1.0,55.04736803526288
matched_v1_both,F5,both,both,611,GOLD:765,1767895200000,1.3073363902272352,56.35470442549011
matched_v1_both,F5,both,both,612,GOLD:766,1767948300000,-1.0,55.35470442549011
matched_v1_both,F5,both,both,613,GOLD:767,1767983400000,0.8163636878172925,56.171068113307406
matched_v1_both,F5,both,both,614,GOLD:768,1768193100000,9.739556698570215,65.91062481187763
matched_v1_both,F5,both,both,615,GOLD:769,1768227300000,-1.0,64.91062481187763
matched_v1_both,F5,both,both,616,GOLD:770,1768241700000,-0.6559333525642052,64.25469145931342
matched_v1_both,F5,both,both,617,GOLD:771,1768312800000,-1.0,63.25469145931342
matched_v1_both,F5,both,both,618,GOLD:772,1768379400000,2.3846646099659914,65.63935606927942
matched_v1_both,F5,both,both,619,GOLD:773,1768421700000,-1.0,64.63935606927942
matched_v1_both,F5,both,both,620,GOLD:774,1768483800000,-1.0,63.639356069279415
matched_v1_both,F5,both,both,621,GOLD:775,1768542300000,0.1432721741887566,63.782628243468174
matched_v1_both,F5,both,both,622,GOLD:776,1768572900000,-1.0,62.782628243468174
matched_v1_both,F5,both,both,623,GOLD:777,1768580100000,-1.0,61.782628243468174
matched_v1_both,F5,both,both,624,GOLD:778,1768850100000,-1.0,60.782628243468174
matched_v1_both,F5,both,both,625,GOLD:779,1768909500000,8.954635601835173,69.73726384530335
matched_v1_both,F5,both,both,626,GOLD:780,1768923000000,-1.0,68.73726384530335
matched_v1_both,F5,both,both,627,GOLD:781,1768941900000,-0.3916824100646773,68.34558143523867
matched_v1_both,F5,both,both,628,GOLD:782,1768980600000,9.948732091470227,78.29431352670889
matched_v1_both,F5,both,both,629,GOLD:783,1769075100000,-1.0,77.29431352670889
matched_v1_both,F5,both,both,630,GOLD:784,1769134500000,10.779265363502825,88.07357889021172
matched_v1_both,F5,both,both,631,GOLD:785,1769179500000,-1.0,87.07357889021172
matched_v1_both,F5,both,both,632,GOLD:786,1769514300000,0.7873468814588731,87.8609257716706
matched_v1_both,F5,both,both,633,GOLD:787,1769593500000,8.68894627440524,96.54987204607583
matched_v1_both,F5,both,both,634,GOLD:788,1769625900000,-1.0,95.54987204607583
matched_v1_both,F5,both,both,635,GOLD:789,1769662800000,10.004617864630317,105.55448991070615
matched_v1_both,F5,both,both,636,GOLD:790,1769735700000,-1.0,104.55448991070615
matched_v1_both,F5,both,both,637,GOLD:791,1769805900000,2.4522637027628265,107.00675361346897
matched_v1_both,F5,both,both,638,GOLD:792,1769991300000,-1.0,106.00675361346897
matched_v1_both,F5,both,both,639,GOLD:793,1770048900000,-1.0,105.00675361346897
matched_v1_both,F5,both,both,640,GOLD:794,1770209100000,-1.0,104.00675361346897
matched_v1_both,F5,both,both,641,GOLD:795,1770254100000,-1.0,103.00675361346897
matched_v1_both,F5,both,both,642,GOLD:796,1770345000000,0.21150244886587016,103.21825606233485
matched_v1_both,F5,both,both,643,GOLD:797,1770597900000,-1.0,102.21825606233485
matched_v1_both,F5,both,both,644,GOLD:798,1770673500000,1.9583549361112615,104.17661099844611
matched_v1_both,F5,both,both,645,GOLD:799,1770727500000,-1.0,103.17661099844611
matched_v1_both,F5,both,both,646,GOLD:800,1770735600000,-1.0,102.17661099844611
matched_v1_both,F5,both,both,647,GOLD:801,1770797700000,1.6060198633819738,103.78263086182808
matched_v1_both,F5,both,both,648,GOLD:802,1770813900000,-1.0,102.78263086182808
matched_v1_both,F5,both,both,649,GOLD:803,1770967800000,-1.0,101.78263086182808
matched_v1_both,F5,both,both,650,GOLD:804,1770984900000,-1.0,100.78263086182808
matched_v1_both,F5,both,both,651,GOLD:805,1771205400000,-1.0,99.78263086182808
matched_v1_both,F5,both,both,652,GOLD:806,1771264800000,0.09117886404365698,99.87380972587174
matched_v1_both,F5,both,both,653,GOLD:807,1771317900000,6.2634408052769945,106.13725053114874
matched_v1_both,F5,both,both,654,GOLD:808,1771354800000,-0.10689352942868591,106.03035700172005
matched_v1_both,F5,both,both,655,GOLD:809,1771417800000,-1.0,105.03035700172005
matched_v1_both,F5,both,both,656,GOLD:810,1771447500000,-1.0,104.03035700172005
matched_v1_both,F5,both,both,657,GOLD:811,1771518600000,-1.0,103.03035700172005
matched_v1_both,F5,both,both,658,GOLD:812,1771536600000,-1.0,102.03035700172005
matched_v1_both,F5,both,both,659,GOLD:813,1771589700000,2.8871700087878245,104.91752701050787
matched_v1_both,F5,both,both,660,GOLD:814,1771600500000,-1.0,103.91752701050787
matched_v1_both,F5,both,both,661,GOLD:815,1771863300000,-1.0,102.91752701050787
matched_v1_both,F5,both,both,662,GOLD:816,1771966800000,-1.0,101.91752701050787
matched_v1_both,F5,both,both,663,GOLD:817,1772006400000,0.2844239182881201,102.201950928796
matched_v1_both,F5,both,both,664,GOLD:818,1772051400000,-1.0,101.201950928796
matched_v1_both,F5,both,both,665,GOLD:819,1772090100000,-1.0,100.201950928796
matched_v1_both,F5,both,both,666,GOLD:820,1772193600000,-1.0,99.201950928796
selected_oos,F1,long_only,long_only,1,GOLD:153,1722530700000,0.6311151208181004,0.6311151208181004
selected_oos,F1,long_only,long_only,2,GOLD:154,1722561300000,-1.0,-0.3688848791818996
selected_oos,F1,long_only,long_only,3,GOLD:155,1722609000000,-1.0,-1.3688848791818997
selected_oos,F1,long_only,long_only,4,GOLD:156,1722816900000,-1.0,-2.3688848791818997
selected_oos,F1,long_only,long_only,5,GOLD:157,1722834900000,-1.0,-3.3688848791818997
selected_oos,F1,long_only,long_only,6,GOLD:162,1723212000000,-1.0,-4.3688848791819
selected_oos,F1,long_only,long_only,7,GOLD:163,1723441500000,-1.0,-5.3688848791819
selected_oos,F1,long_only,long_only,8,GOLD:164,1723555800000,-1.0,-6.3688848791819
selected_oos,F1,long_only,long_only,9,GOLD:165,1723600800000,-1.0,-7.3688848791819
selected_oos,F1,long_only,long_only,10,GOLD:166,1723639500000,-1.0,-8.3688848791819
selected_oos,F1,long_only,long_only,11,GOLD:167,1723687200000,-1.0,-9.3688848791819
selected_oos,F1,long_only,long_only,12,GOLD:171,1724106600000,-0.29732079212744333,-9.666205671309344
selected_oos,F1,long_only,long_only,13,GOLD:172,1724165100000,2.7759331701546532,-6.890272501154691
selected_oos,F1,long_only,long_only,14,GOLD:173,1724210100000,-1.0,-7.890272501154691
selected_oos,F1,long_only,long_only,15,GOLD:174,1724271300000,-1.0,-8.89027250115469
selected_oos,F1,long_only,long_only,16,GOLD:189,1725584400000,0.5852242609439761,-8.305048240210715
selected_oos,F1,long_only,long_only,17,GOLD:190,1725605100000,-1.0,-9.305048240210715
selected_oos,F1,long_only,long_only,18,GOLD:192,1726010100000,1.0590966337230792,-8.245951606487635
selected_oos,F1,long_only,long_only,19,GOLD:193,1726016400000,-1.0,-9.245951606487635
selected_oos,F1,long_only,long_only,20,GOLD:194,1726041600000,-1.0,-10.245951606487635
selected_oos,F1,long_only,long_only,21,GOLD:195,1726130700000,0.5724381608230007,-9.673513445664634
selected_oos,F1,long_only,long_only,22,GOLD:196,1726137000000,-1.0,-10.673513445664634
selected_oos,F1,long_only,long_only,23,GOLD:197,1726173900000,14.151434744768267,3.477921299103633
selected_oos,F1,long_only,long_only,24,GOLD:198,1726204500000,-0.131529090754666,3.346392208348967
selected_oos,F1,long_only,long_only,25,GOLD:199,1726236900000,-1.0,2.346392208348967
selected_oos,F1,long_only,long_only,26,GOLD:200,1726470900000,-1.0,1.3463922083489668
selected_oos,F1,long_only,long_only,27,GOLD:201,1726557300000,-1.0,0.3463922083489668
selected_oos,F1,long_only,long_only,28,GOLD:202,1726619400000,-1.0,-0.6536077916510332
selected_oos,F1,long_only,long_only,29,GOLD:207,1726856100000,-1.0,-1.6536077916510332
selected_oos,F1,long_only,long_only,30,GOLD:208,1727063100000,-1.0,-2.653607791651033
selected_oos,F1,long_only,long_only,31,GOLD:209,1727111700000,0.15538576069271964,-2.4982220309583134
selected_oos,F1,long_only,long_only,32,GOLD:210,1727144100000,-1.0,-3.4982220309583134
selected_oos,F1,long_only,long_only,33,GOLD:211,1727218800000,5.394896622076732,1.8966745911184182
selected_oos,F1,long_only,long_only,34,GOLD:212,1727271900000,-1.0,0.8966745911184182
selected_oos,F1,long_only,long_only,35,GOLD:213,1727326800000,-1.0,-0.10332540888158182
selected_oos,F1,long_only,long_only,36,GOLD:214,1727443800000,-1.0,-1.1033254088815818
selected_oos,F1,long_only,long_only,37,GOLD:233,1728674100000,4.246775576528561,3.1434501676469795
selected_oos,F1,long_only,long_only,38,GOLD:234,1728898200000,1.1145207599109934,4.257970927557973
selected_oos,F1,long_only,long_only,39,GOLD:235,1728993600000,-1.0,3.257970927557973
selected_oos,F1,long_only,long_only,40,GOLD:236,1729023300000,0.09415131641022002,3.352122243968193
selected_oos,F1,long_only,long_only,41,GOLD:237,1729045800000,-1.0,2.352122243968193
selected_oos,F1,long_only,long_only,42,GOLD:238,1729087200000,-1.0,1.3521222439681928
selected_oos,F1,long_only,long_only,43,GOLD:239,1729129500000,-1.0,0.3521222439681928
selected_oos,F1,long_only,long_only,44,GOLD:240,1729148400000,-1.0,-0.6478777560318072
selected_oos,F1,long_only,long_only,45,GOLD:241,1729166400000,-1.0,-1.6478777560318072
selected_oos,F1,long_only,long_only,46,GOLD:242,1729183500000,-1.0,-2.647877756031807
selected_oos,F1,long_only,long_only,47,GOLD:243,1729233900000,2.9877551563303935,0.33987740029858626
selected_oos,F1,long_only,long_only,48,GOLD:244,1729251900000,-1.0,-0.6601225997014137
selected_oos,F1,long_only,long_only,49,GOLD:245,1729256400000,-1.0,-1.6601225997014137
selected_oos,F1,long_only,long_only,50,GOLD:246,1729264500000,-1.0,-2.6601225997014137
selected_oos,F1,long_only,long_only,51,GOLD:247,1729472400000,1.1323419222705975,-1.5277806774308162
selected_oos,F1,long_only,long_only,52,GOLD:248,1729476900000,-1.0,-2.5277806774308162
selected_oos,F1,long_only,long_only,53,GOLD:249,1729505700000,-1.0,-3.5277806774308162
selected_oos,F1,long_only,long_only,54,GOLD:250,1729512900000,-1.0,-4.527780677430816
selected_oos,F1,long_only,long_only,55,GOLD:251,1729589400000,4.919243112503876,0.39146243507306
selected_oos,F1,long_only,long_only,56,GOLD:252,1729596600000,-1.0,-0.60853756492694
selected_oos,F1,long_only,long_only,57,GOLD:253,1729606500000,-1.174172785944349,-1.782710350871289
selected_oos,F1,long_only,long_only,58,GOLD:254,1729678500000,0.1937042370010562,-1.5890061138702327
selected_oos,F1,long_only,long_only,59,GOLD:260,1730255400000,-1.0,-2.5890061138702327
selected_oos,F1,long_only,long_only,60,GOLD:261,1730273400000,-1.0,-3.5890061138702327
selected_oos,F1,long_only,long_only,61,GOLD:262,1730316600000,-1.0,-4.589006113870233
selected_oos,F1,long_only,long_only,62,GOLD:279,1731954600000,4.832971352789093,0.24396523891886002
selected_oos,F1,long_only,long_only,63,GOLD:280,1731996900000,1.1418695947529134,1.3858348336717734
selected_oos,F1,long_only,long_only,64,GOLD:281,1732025700000,-0.21797747729833103,1.1678573563734425
selected_oos,F1,long_only,long_only,65,GOLD:282,1732077900000,1.377903755637473,2.5457611120109154
selected_oos,F1,long_only,long_only,66,GOLD:283,1732134600000,5.403289806611334,7.94905091862225
selected_oos,F1,long_only,long_only,67,GOLD:284,1732151700000,-1.0,6.94905091862225
selected_oos,F1,long_only,long_only,68,GOLD:285,1732193100000,1.4671404907321515,8.4161914093544
selected_oos,F1,long_only,long_only,69,GOLD:286,1732221900000,-0.33685027593675176,8.07934113341765
selected_oos,F1,long_only,long_only,70,GOLD:287,1732239000000,-1.0,7.07934113341765
selected_oos,F1,long_only,long_only,71,GOLD:288,1732309200000,0.13330390829020264,7.2126450417078525
selected_oos,F1,long_only,long_only,72,GOLD:289,1732497300000,-1.0,6.2126450417078525
selected_oos,F1,long_only,long_only,73,GOLD:290,1732540500000,-1.0,5.2126450417078525
selected_oos,F2,long_only,long_only,74,GOLD:296,1733133600000,-0.5345190719374484,4.678125969770404
selected_oos,F2,long_only,long_only,75,GOLD:300,1733331600000,-1.0,3.678125969770404
selected_oos,F2,long_only,long_only,76,GOLD:301,1733405400000,-1.0,2.678125969770404
selected_oos,F2,long_only,long_only,77,GOLD:305,1733813100000,0.04517265859705682,2.723298628367461
selected_oos,F2,long_only,long_only,78,GOLD:306,1733860800000,5.325082140506627,8.048380768874088
selected_oos,F2,long_only,long_only,79,GOLD:307,1733879700000,-1.0,7.048380768874088
selected_oos,F2,long_only,long_only,80,GOLD:308,1733923800000,-1.0,6.048380768874088
selected_oos,F2,long_only,long_only,81,GOLD:309,1733990400000,-1.0,5.048380768874088
selected_oos,F2,long_only,long_only,82,GOLD:310,1734056100000,-1.0,4.048380768874088
selected_oos,F2,long_only,long_only,83,GOLD:319,1735001100000,-1.0,3.048380768874088
selected_oos,F2,long_only,long_only,84,GOLD:320,1735216200000,3.858923162892611,6.907303931766698
selected_oos,F2,long_only,long_only,85,GOLD:321,1735231500000,-1.0,5.907303931766698
selected_oos,F2,long_only,long_only,86,GOLD:322,1735247700000,-0.014951001435482796,5.892352930331215
selected_oos,F2,long_only,long_only,87,GOLD:323,1735287300000,-1.0,4.892352930331215
selected_oos,F2,long_only,long_only,88,GOLD:324,1735536600000,-0.3423995246905718,4.549953405640643
selected_oos,F2,long_only,long_only,89,GOLD:325,1735565400000,-1.0,3.549953405640643
selected_oos,F2,long_only,long_only,90,GOLD:327,1735845300000,1.3795597149377206,4.929513120578363
selected_oos,F2,long_only,long_only,91,GOLD:328,1736127900000,-1.0,3.9295131205783633
selected_oos,F2,long_only,long_only,92,GOLD:329,1736171100000,-1.0,2.9295131205783633
selected_oos,F2,long_only,long_only,93,GOLD:330,1736249400000,-1.0,1.9295131205783633
selected_oos,F2,long_only,long_only,94,GOLD:331,1736325000000,-1.0,0.9295131205783633
selected_oos,F2,long_only,long_only,95,GOLD:332,1736358300000,-1.0,-0.07048687942163667
selected_oos,F2,long_only,long_only,96,GOLD:333,1736409600000,-1.0,-1.0704868794216367
selected_oos,F2,long_only,long_only,97,GOLD:334,1736513100000,2.1158160869737803,1.0453292075521436
selected_oos,F2,long_only,long_only,98,GOLD:335,1736536500000,-0.0333570563720274,1.0119721511801163
selected_oos,F2,long_only,long_only,99,GOLD:336,1736820000000,2.133293073678362,3.1452652248584787
selected_oos,F2,long_only,long_only,100,GOLD:341,1736992800000,-1.0,2.1452652248584787
selected_oos,F2,long_only,long_only,101,GOLD:342,1737018000000,-1.0,1.1452652248584787
selected_oos,F2,long_only,long_only,102,GOLD:343,1737054000000,0.19927799665505805,1.3445432215135367
selected_oos,F2,long_only,long_only,103,GOLD:344,1737138600000,-1.0,0.34454322151353667
selected_oos,F2,long_only,long_only,104,GOLD:345,1737367200000,0.9505466859165963,1.295089907430133
selected_oos,F2,long_only,long_only,105,GOLD:346,1737468000000,-1.0,0.29508990743013297
selected_oos,F2,long_only,long_only,106,GOLD:347,1737517500000,0.41075035422065626,0.7058402616507893
selected_oos,F2,long_only,long_only,107,GOLD:348,1737527400000,-1.0,-0.2941597383492107
selected_oos,F2,long_only,long_only,108,GOLD:349,1737544500000,-1.0,-1.2941597383492107
selected_oos,F2,long_only,long_only,109,GOLD:350,1737668700000,-0.34648942505328717,-1.640649163402498
selected_oos,F2,long_only,long_only,110,GOLD:351,1737704700000,10.902720513081295,9.262071349678797
selected_oos,F2,long_only,long_only,111,GOLD:352,1737728100000,-1.0,8.262071349678797
selected_oos,F2,long_only,long_only,112,GOLD:353,1737734400000,-1.0,7.262071349678797
selected_oos,F2,long_only,long_only,113,GOLD:354,1737984600000,-1.0,6.262071349678797
selected_oos,F2,long_only,long_only,114,GOLD:358,1738344600000,0.9173125698498154,7.179383919528612
selected_oos,F2,long_only,long_only,115,GOLD:359,1738346400000,-1.0,6.179383919528612
selected_oos,F2,long_only,long_only,116,GOLD:360,1738605600000,9.605610420793758,15.78499434032237
selected_oos,F2,long_only,long_only,117,GOLD:361,1738636200000,-1.0,14.78499434032237
selected_oos,F2,long_only,long_only,118,GOLD:362,1738699200000,7.1120666241100965,21.897060964432466
selected_oos,F2,long_only,long_only,119,GOLD:363,1738756800000,4.8784101776117526,26.775471142044218
selected_oos,F2,long_only,long_only,120,GOLD:364,1738772100000,-1.0,25.775471142044218
selected_oos,F2,long_only,long_only,121,GOLD:365,1738812600000,-1.0,24.775471142044218
selected_oos,F2,long_only,long_only,122,GOLD:366,1738818900000,-1.0,23.775471142044218
selected_oos,F2,long_only,long_only,123,GOLD:367,1738847700000,-1.0,22.775471142044218
selected_oos,F2,long_only,long_only,124,GOLD:368,1738908000000,2.3255462273971985,25.101017369441415
selected_oos,F2,long_only,long_only,125,GOLD:370,1739241900000,-1.0,24.101017369441415
selected_oos,F2,long_only,long_only,126,GOLD:371,1739302200000,-1.0,23.101017369441415
selected_oos,F2,long_only,long_only,127,GOLD:375,1739516400000,-1.0,22.101017369441415
selected_oos,F2,long_only,long_only,128,GOLD:378,1739967300000,-1.0,21.101017369441415
selected_oos,F2,long_only,long_only,129,GOLD:379,1740001500000,-1.0,20.101017369441415
selected_oos,F2,long_only,long_only,130,GOLD:380,1740102300000,-1.0,19.101017369441415
selected_oos,F2,long_only,long_only,131,GOLD:396,1741098600000,4.341998582840561,23.443015952281975
selected_oos,F2,long_only,long_only,132,GOLD:397,1741132800000,-0.7120358659090963,22.730980086372877
selected_oos,F2,long_only,long_only,133,GOLD:398,1741161600000,-1.0,21.730980086372877
selected_oos,F2,long_only,long_only,134,GOLD:399,1741194900000,-1.0,20.730980086372877
selected_oos,F2,long_only,long_only,135,GOLD:400,1741216500000,-1.0,19.730980086372877
selected_oos,F2,long_only,long_only,136,GOLD:401,1741230900000,-1.0,18.730980086372877
selected_oos,F2,long_only,long_only,137,GOLD:402,1741275000000,-1.0,17.730980086372877
selected_oos,F2,long_only,long_only,138,GOLD:403,1741353300000,1.5257069280820656,19.256687014454943
selected_oos,F2,long_only,long_only,139,GOLD:404,1741362300000,-1.0,18.256687014454943
selected_oos,F2,long_only,long_only,140,GOLD:405,1741571100000,-1.0,17.256687014454943
selected_oos,F2,long_only,long_only,141,GOLD:407,1741772700000,-1.0,16.256687014454943
selected_oos,F2,long_only,long_only,142,GOLD:408,1741786200000,-1.0,15.256687014454943
selected_oos,F2,long_only,long_only,143,GOLD:409,1741811400000,3.0880619976143486,18.344749012069293
selected_oos,F2,long_only,long_only,144,GOLD:410,1741843800000,-1.0,17.344749012069293
selected_oos,F2,long_only,long_only,145,GOLD:411,1741861800000,-1.0,16.344749012069293
selected_oos,F2,long_only,long_only,146,GOLD:412,1741904100000,6.940483808848534,23.285232820917827
selected_oos,F2,long_only,long_only,147,GOLD:413,1741949100000,-1.0,22.285232820917827
selected_oos,F2,long_only,long_only,148,GOLD:414,1742171400000,-1.0,21.285232820917827
selected_oos,F2,long_only,long_only,149,GOLD:415,1742213700000,-1.0,20.285232820917827
selected_oos,F2,long_only,long_only,150,GOLD:416,1742256900000,0.7949868859113827,21.080219706829208
selected_oos,F2,long_only,long_only,151,GOLD:417,1742309100000,9.621423106673763,30.70164281350297
selected_oos,F2,long_only,long_only,152,GOLD:418,1742372100000,-1.0,29.70164281350297
selected_oos,F2,long_only,long_only,153,GOLD:419,1742390100000,-1.0,28.70164281350297
selected_oos,F2,long_only,long_only,154,GOLD:420,1742410800000,-1.0,27.70164281350297
selected_oos,F2,long_only,long_only,155,GOLD:421,1742519700000,0.03365668253523089,27.735299496038202
selected_oos,F2,long_only,long_only,156,GOLD:429,1743108300000,-0.3311578220498156,27.404141673988388
selected_oos,F2,long_only,long_only,157,GOLD:430,1743150600000,1.6484718302749433,29.05261350426333
selected_oos,F2,long_only,long_only,158,GOLD:431,1743184800000,-1.0,28.05261350426333
selected_oos,F2,long_only,long_only,159,GOLD:432,1743382800000,-1.0,27.05261350426333
selected_oos,F2,long_only,long_only,160,GOLD:433,1743414300000,3.884886245761479,30.93749975002481
selected_oos,F3,long_only,long_only,161,GOLD:435,1743488100000,1.2727353903369547,32.21023514036176
selected_oos,F3,long_only,long_only,162,GOLD:436,1743569100000,-1.0,31.21023514036176
selected_oos,F3,long_only,long_only,163,GOLD:437,1743585300000,-1.0,30.21023514036176
selected_oos,F3,long_only,long_only,164,GOLD:438,1743613200000,-1.0,29.21023514036176
selected_oos,F3,long_only,long_only,165,GOLD:439,1743650100000,1.5486333156316006,30.758868455993362
selected_oos,F3,long_only,long_only,166,GOLD:448,1744247700000,-1.0,29.758868455993362
selected_oos,F3,long_only,long_only,167,GOLD:449,1744268400000,1.5950595095000313,31.353927965493394
selected_oos,F3,long_only,long_only,168,GOLD:450,1744289100000,-1.0,30.353927965493394
selected_oos,F3,long_only,long_only,169,GOLD:451,1744368300000,-1.0,29.353927965493394
selected_oos,F3,long_only,long_only,170,GOLD:452,1744380000000,-1.0,28.353927965493394
selected_oos,F3,long_only,long_only,171,GOLD:453,1744597800000,-1.0,27.353927965493394
selected_oos,F3,long_only,long_only,172,GOLD:454,1744679700000,-1.0,26.353927965493394
selected_oos,F3,long_only,long_only,173,GOLD:455,1744799400000,21.786162739257975,48.14009070475137
selected_oos,F3,long_only,long_only,174,GOLD:456,1744850700000,2.1294488765170563,50.26953958126843
selected_oos,F3,long_only,long_only,175,GOLD:457,1744918200000,-1.0,49.26953958126843
selected_oos,F3,long_only,long_only,176,GOLD:458,1745222400000,-1.0,48.26953958126843
selected_oos,F3,long_only,long_only,177,GOLD:459,1745243100000,-1.0,47.26953958126843
selected_oos,F3,long_only,long_only,178,GOLD:460,1745280900000,-1.0,46.26953958126843
selected_oos,F3,long_only,long_only,179,GOLD:461,1745288100000,-1.0,45.26953958126843
selected_oos,F3,long_only,long_only,180,GOLD:462,1745376300000,-1.0,44.26953958126843
selected_oos,F3,long_only,long_only,181,GOLD:481,1746475200000,-1.0,43.26953958126843
selected_oos,F3,long_only,long_only,182,GOLD:482,1746507600000,0.63420278511033,43.903742366378765
selected_oos,F3,long_only,long_only,183,GOLD:483,1746523800000,-1.0,42.903742366378765
selected_oos,F3,long_only,long_only,184,GOLD:484,1746539100000,-1.0,41.903742366378765
selected_oos,F3,long_only,long_only,185,GOLD:485,1746570600000,-1.0,40.903742366378765
selected_oos,F3,long_only,long_only,186,GOLD:486,1746627300000,-1.0,39.903742366378765
selected_oos,F3,long_only,long_only,187,GOLD:487,1746642600000,-1.0,38.903742366378765
selected_oos,F3,long_only,long_only,188,GOLD:488,1746667800000,-1.0,37.903742366378765
selected_oos,F3,long_only,long_only,189,GOLD:489,1746713700000,-1.0,36.903742366378765
selected_oos,F3,long_only,long_only,190,GOLD:501,1747621800000,6.663376985785561,43.567119352164326
selected_oos,F3,long_only,long_only,191,GOLD:502,1747659600000,-0.5322244105606012,43.034894941603724
selected_oos,F3,long_only,long_only,192,GOLD:503,1747773900000,11.00385190620501,54.03874684780874
selected_oos,F3,long_only,long_only,193,GOLD:504,1747814400000,-1.0,53.03874684780874
selected_oos,F3,long_only,long_only,194,GOLD:505,1747857600000,-1.0,52.03874684780874
selected_oos,F3,long_only,long_only,195,GOLD:506,1747962000000,-1.0,51.03874684780874
selected_oos,F3,long_only,long_only,196,GOLD:507,1748007900000,-1.0,50.03874684780874
selected_oos,F3,long_only,long_only,197,GOLD:508,1748310300000,-1.0,49.03874684780874
selected_oos,F3,long_only,long_only,198,GOLD:514,1748883600000,0.12977605666393194,49.168522904472674
selected_oos,F3,long_only,long_only,199,GOLD:515,1748907000000,-1.0,48.168522904472674
selected_oos,F3,long_only,long_only,200,GOLD:516,1748994300000,-1.0,47.168522904472674
selected_oos,F3,long_only,long_only,201,GOLD:517,1749067200000,0.574954679234485,47.74347758370716
selected_oos,F3,long_only,long_only,202,GOLD:518,1749087000000,-1.0,46.74347758370716
selected_oos,F3,long_only,long_only,203,GOLD:519,1749129300000,-1.0,45.74347758370716
selected_oos,F3,long_only,long_only,204,GOLD:520,1749170700000,-1.0,44.74347758370716
selected_oos,F3,long_only,long_only,205,GOLD:530,1749728700000,-1.0,43.74347758370716
selected_oos,F3,long_only,long_only,206,GOLD:531,1749792600000,2.848159191320966,46.59163677502813
selected_oos,F3,long_only,long_only,207,GOLD:532,1749823200000,-1.0,45.59163677502813
selected_oos,F3,long_only,long_only,208,GOLD:533,1749845700000,-1.0,44.59163677502813
selected_oos,F3,long_only,long_only,209,GOLD:534,1750027500000,-1.0,43.59163677502813
selected_oos,F3,long_only,long_only,210,GOLD:535,1750117500000,-1.0,42.59163677502813
selected_oos,F3,long_only,long_only,211,GOLD:554,1751435100000,-1.0,41.59163677502813
selected_oos,F3,long_only,long_only,212,GOLD:555,1751457600000,-1.0,40.59163677502813
selected_oos,F3,long_only,long_only,213,GOLD:556,1751500800000,0.7980545799969125,41.38969135502504
selected_oos,F3,long_only,long_only,214,GOLD:557,1751527800000,-1.0,40.38969135502504
selected_oos,F3,long_only,long_only,215,GOLD:558,1751593500000,-1.0,39.38969135502504
selected_oos,F3,long_only,long_only,216,GOLD:563,1752225300000,4.399020165770962,43.78871152079601
selected_oos,F3,long_only,long_only,217,GOLD:564,1752233400000,-1.0,42.78871152079601
selected_oos,F3,long_only,long_only,218,GOLD:565,1752446700000,-1.0,41.78871152079601
selected_oos,F3,long_only,long_only,219,GOLD:566,1752480000000,-1.0,40.78871152079601
selected_oos,F3,long_only,long_only,220,GOLD:567,1752572700000,4.346970399108207,45.135681919904215
selected_oos,F3,long_only,long_only,221,GOLD:571,1753064100000,-1.0,44.135681919904215
selected_oos,F3,long_only,long_only,222,GOLD:572,1753119900000,5.910630893389829,50.046312813294044
selected_oos,F3,long_only,long_only,223,GOLD:573,1753213500000,14.508063489998403,64.55437630329244
selected_oos,F3,long_only,long_only,224,GOLD:574,1753265700000,-1.0,63.55437630329244
selected_oos,F4,long_only,long_only,225,GOLD:583,1754261100000,-1.0,62.55437630329244
selected_oos,F4,long_only,long_only,226,GOLD:584,1754310600000,-1.0,61.55437630329244
selected_oos,F4,long_only,long_only,227,GOLD:585,1754361000000,-1.0,60.55437630329244
selected_oos,F4,long_only,long_only,228,GOLD:586,1754421300000,2.5467575231680217,63.10113382646046
selected_oos,F4,long_only,long_only,229,GOLD:587,1754442900000,-1.0,62.10113382646046
selected_oos,F4,long_only,long_only,230,GOLD:588,1754495100000,-1.0,61.10113382646046
selected_oos,F4,long_only,long_only,231,GOLD:589,1754536500000,-1.0,60.10113382646046
selected_oos,F4,long_only,long_only,232,GOLD:590,1754554500000,-1.0,59.10113382646046
selected_oos,F4,long_only,long_only,233,GOLD:591,1754577000000,-1.0,58.10113382646046
selected_oos,F4,long_only,long_only,234,GOLD:592,1754600400000,-1.0,57.10113382646046
selected_oos,F4,long_only,long_only,235,GOLD:593,1754635500000,-1.0,56.10113382646046
selected_oos,F4,long_only,long_only,236,GOLD:594,1754649000000,-1.0,55.10113382646046
selected_oos,F4,long_only,long_only,237,GOLD:595,1754676000000,-1.0,54.10113382646046
selected_oos,F4,long_only,long_only,238,GOLD:610,1755784800000,-1.0,53.10113382646046
selected_oos,F4,long_only,long_only,239,GOLD:611,1755892800000,1.9171288380593592,55.018262664519824
selected_oos,F4,long_only,long_only,240,GOLD:612,1756107900000,-1.0,54.018262664519824
selected_oos,F4,long_only,long_only,241,GOLD:613,1756125900000,-1.0,53.018262664519824
selected_oos,F4,long_only,long_only,242,GOLD:614,1756132200000,-1.0,52.018262664519824
selected_oos,F4,long_only,long_only,243,GOLD:615,1756170900000,-1.0,51.018262664519824
selected_oos,F4,long_only,long_only,244,GOLD:616,1756201500000,-1.0,50.018262664519824
selected_oos,F4,long_only,long_only,245,GOLD:617,1756213200000,-1.0,49.018262664519824
selected_oos,F4,long_only,long_only,246,GOLD:618,1756256400000,1.9609610892837277,50.97922375380355
selected_oos,F4,long_only,long_only,247,GOLD:619,1756287900000,-1.0,49.97922375380355
selected_oos,F4,long_only,long_only,248,GOLD:620,1756336500000,3.998906058041762,53.978129811845314
selected_oos,F4,long_only,long_only,249,GOLD:621,1756367100000,-1.0,52.978129811845314
selected_oos,F4,long_only,long_only,250,GOLD:622,1756495800000,6.78912461570981,59.76725442755512
selected_oos,F4,long_only,long_only,251,GOLD:623,1756712700000,-0.45179654512319284,59.31545788243193
selected_oos,F4,long_only,long_only,252,GOLD:624,1756773900000,-1.0,58.31545788243193
selected_oos,F4,long_only,long_only,253,GOLD:625,1756853100000,3.655225792963489,61.97068367539542
selected_oos,F4,long_only,long_only,254,GOLD:626,1756893600000,-1.0,60.97068367539542
selected_oos,F4,long_only,long_only,255,GOLD:627,1756928700000,3.9826309679547505,64.95331464335017
selected_oos,F4,long_only,long_only,256,GOLD:628,1756980000000,-1.0,63.95331464335017
selected_oos,F4,long_only,long_only,257,GOLD:629,1757040300000,-1.0,62.95331464335017
selected_oos,F4,long_only,long_only,258,GOLD:630,1757077200000,-1.0,61.95331464335017
selected_oos,F4,long_only,long_only,259,GOLD:631,1757353500000,8.790138384749703,70.74345302809988
selected_oos,F4,long_only,long_only,260,GOLD:632,1757398500000,-1.0,69.74345302809988
selected_oos,F4,long_only,long_only,261,GOLD:633,1757427300000,-1.0,68.74345302809988
selected_oos,F4,long_only,long_only,262,GOLD:634,1757508300000,2.4707434078835586,71.21419643598344
selected_oos,F4,long_only,long_only,263,GOLD:640,1758070800000,-1.0,70.21419643598344
selected_oos,F4,long_only,long_only,264,GOLD:647,1758579300000,1.8048197124261889,72.01901614840963
selected_oos,F4,long_only,long_only,265,GOLD:648,1758611700000,-1.0,71.01901614840963
selected_oos,F4,long_only,long_only,266,GOLD:649,1758707100000,-1.0,70.01901614840963
selected_oos,F4,long_only,long_only,267,GOLD:650,1758765600000,-1.0,69.01901614840963
selected_oos,F4,long_only,long_only,268,GOLD:651,1758790800000,0.9405504670664077,69.95956661547604
selected_oos,F4,long_only,long_only,269,GOLD:655,1759148100000,-1.0,68.95956661547604
selected_oos,F4,long_only,long_only,270,GOLD:656,1759166100000,-0.15592570912103504,68.803640906355
selected_oos,F4,long_only,long_only,271,GOLD:657,1759194000000,-1.0,67.803640906355
selected_oos,F4,long_only,long_only,272,GOLD:658,1759245300000,-1.0,66.803640906355
selected_oos,F4,long_only,long_only,273,GOLD:659,1759320000000,0.6690086712586601,67.47264957761367
selected_oos,F4,long_only,long_only,274,GOLD:660,1759388400000,-1.0,66.47264957761367
selected_oos,F4,long_only,long_only,275,GOLD:661,1759453200000,0.3956130458202167,66.86826262343388
selected_oos,F4,long_only,long_only,276,GOLD:663,1759768200000,-1.0,65.86826262343388
selected_oos,F4,long_only,long_only,277,GOLD:664,1759790700000,-1.0,64.86826262343388
selected_oos,F4,long_only,long_only,278,GOLD:665,1759814100000,-1.0,63.86826262343388
selected_oos,F4,long_only,long_only,279,GOLD:666,1759840200000,-1.0,62.86826262343388
selected_oos,F4,long_only,long_only,280,GOLD:667,1759860900000,-1.0,61.86826262343388
selected_oos,F4,long_only,long_only,281,GOLD:668,1759920300000,11.232386395135626,73.1006490185695
selected_oos,F4,long_only,long_only,282,GOLD:669,1759945500000,-1.0,72.1006490185695
selected_oos,F4,long_only,long_only,283,GOLD:670,1759991400000,-1.0,71.1006490185695
selected_oos,F4,long_only,long_only,284,GOLD:671,1760058000000,-0.23528564021270476,70.86536337835679
selected_oos,F4,long_only,long_only,285,GOLD:673,1760400900000,-1.0,69.86536337835679
selected_oos,F4,long_only,long_only,286,GOLD:674,1760475600000,-0.06585195559342749,69.79951142276336
selected_oos,F4,long_only,long_only,287,GOLD:675,1760481000000,-1.0,68.79951142276336
selected_oos,F4,long_only,long_only,288,GOLD:676,1760566500000,-1.0,67.79951142276336
selected_oos,F4,long_only,long_only,289,GOLD:677,1760618700000,-1.0,66.79951142276336
selected_oos,F4,long_only,long_only,290,GOLD:678,1760679900000,-1.0,65.79951142276336
selected_oos,F4,long_only,long_only,291,GOLD:679,1760916600000,-1.0,64.79951142276336
selected_oos,F4,long_only,long_only,292,GOLD:691,1761901200000,-1.0,63.79951142276336
selected_oos,F4,long_only,long_only,293,GOLD:692,1761916500000,-1.0,62.79951142276336
selected_oos,F4,long_only,long_only,294,GOLD:693,1762163100000,-1.0,61.79951142276336
selected_oos,F4,long_only,long_only,295,GOLD:694,1762183800000,-1.0,60.79951142276336
selected_oos,F4,long_only,long_only,296,GOLD:695,1762247700000,-1.0,59.79951142276336
selected_oos,F4,long_only,long_only,297,GOLD:697,1762412400000,-1.0,58.79951142276336
selected_oos,F4,long_only,long_only,298,GOLD:698,1762483500000,-1.0,57.79951142276336
selected_oos,F4,long_only,long_only,299,GOLD:699,1762547400000,-1.0,56.79951142276336
selected_oos,F4,long_only,long_only,300,GOLD:700,1762769700000,11.45844611513586,68.25795753789922
selected_oos,F4,long_only,long_only,301,GOLD:701,1762782300000,-1.0,67.25795753789922
selected_oos,F4,long_only,long_only,302,GOLD:702,1762800300000,-1.0,66.25795753789922
selected_oos,F4,long_only,long_only,303,GOLD:703,1762915500000,-1.0,65.25795753789922
selected_oos,F4,long_only,long_only,304,GOLD:704,1762944300000,-1.0,64.25795753789922
selected_oos,F4,long_only,long_only,305,GOLD:705,1763017200000,0.08354914501945555,64.34150668291868
selected_oos,F4,long_only,long_only,306,GOLD:706,1763031600000,-1.0,63.34150668291868
selected_oos,F4,long_only,long_only,307,GOLD:707,1763098200000,-1.0,62.34150668291868
selected_oos,F4,long_only,long_only,308,GOLD:719,1764043200000,-0.3308261403049072,62.01068054261377
selected_oos,F4,long_only,long_only,309,GOLD:720,1764094500000,-1.0,61.01068054261377
selected_oos,F4,long_only,long_only,310,GOLD:721,1764139500000,2.245034039836782,63.25571458245055
selected_oos,F4,long_only,long_only,311,GOLD:722,1764160200000,-1.0,62.25571458245055
selected_oos,F4,long_only,long_only,312,GOLD:723,1764182700000,-1.0,61.25571458245055
selected_oos,F4,long_only,long_only,313,GOLD:724,1764235800000,-1.0,60.25571458245055
selected_oos,F4,long_only,long_only,314,GOLD:725,1764248400000,-1.0,59.25571458245055
selected_oos,F4,long_only,long_only,315,GOLD:726,1764307800000,8.882841156604371,68.13855573905492
selected_oos,F4,long_only,long_only,316,GOLD:727,1764342900000,-1.0,67.13855573905492
selected_oos,F5,long_only,long_only,317,GOLD:728,1764593100000,0.4700850211650768,67.60864076022
selected_oos,F5,long_only,long_only,318,GOLD:729,1764688500000,-1.0,66.60864076022
selected_oos,F5,long_only,long_only,319,GOLD:730,1764712800000,-0.5299613074739351,66.07867945274606
selected_oos,F5,long_only,long_only,320,GOLD:742,1765486800000,5.96520495054191,72.04388440328796
selected_oos,F5,long_only,long_only,321,GOLD:743,1765553400000,4.529382914797069,76.57326731808503
selected_oos,F5,long_only,long_only,322,GOLD:744,1765794600000,4.494557691781024,81.06782500986606
selected_oos,F5,long_only,long_only,323,GOLD:745,1765906200000,1.598281667086413,82.66610667695247
selected_oos,F5,long_only,long_only,324,GOLD:746,1765980900000,-1.0,81.66610667695247
selected_oos,F5,long_only,long_only,325,GOLD:747,1766013300000,-0.8519689331276041,80.81413774382486
selected_oos,F5,long_only,long_only,326,GOLD:748,1766069100000,-1.0,79.81413774382486
selected_oos,F5,long_only,long_only,327,GOLD:750,1766414700000,-1.0,78.81413774382486
selected_oos,F5,long_only,long_only,328,GOLD:751,1766430900000,-0.90165706908094,77.91248067474392
selected_oos,F5,long_only,long_only,329,GOLD:752,1766466900000,7.696815370611296,85.60929604535521
selected_oos,F5,long_only,long_only,330,GOLD:753,1766545200000,-1.0,84.60929604535521
selected_oos,F5,long_only,long_only,331,GOLD:754,1766747700000,-1.0,83.60929604535521
selected_oos,F5,long_only,long_only,332,GOLD:755,1766761200000,-1.0,82.60929604535521
selected_oos,F5,long_only,long_only,333,GOLD:761,1767681900000,1.0858114969519481,83.69510754230716
selected_oos,F5,long_only,long_only,334,GOLD:762,1767728700000,1.6592177112236046,85.35432525353076
selected_oos,F5,long_only,long_only,335,GOLD:763,1767746700000,-1.0,84.35432525353076
selected_oos,F5,long_only,long_only,336,GOLD:764,1767832200000,-1.0,83.35432525353076
selected_oos,F5,long_only,long_only,337,GOLD:765,1767895200000,1.3073363902272352,84.661661643758
selected_oos,F5,long_only,long_only,338,GOLD:766,1767948300000,-1.0,83.661661643758
selected_oos,F5,long_only,long_only,339,GOLD:767,1767983400000,0.8163636878172925,84.47802533157528
selected_oos,F5,long_only,long_only,340,GOLD:768,1768193100000,9.739556698570215,94.2175820301455
selected_oos,F5,long_only,long_only,341,GOLD:769,1768227300000,-1.0,93.2175820301455
selected_oos,F5,long_only,long_only,342,GOLD:770,1768241700000,-0.6559333525642052,92.56164867758129
selected_oos,F5,long_only,long_only,343,GOLD:771,1768312800000,-1.0,91.56164867758129
selected_oos,F5,long_only,long_only,344,GOLD:772,1768379400000,2.3846646099659914,93.94631328754728
selected_oos,F5,long_only,long_only,345,GOLD:773,1768421700000,-1.0,92.94631328754728
selected_oos,F5,long_only,long_only,346,GOLD:774,1768483800000,-1.0,91.94631328754728
selected_oos,F5,long_only,long_only,347,GOLD:778,1768850100000,-1.0,90.94631328754728
selected_oos,F5,long_only,long_only,348,GOLD:779,1768909500000,8.954635601835173,99.90094888938246
selected_oos,F5,long_only,long_only,349,GOLD:780,1768923000000,-1.0,98.90094888938246
selected_oos,F5,long_only,long_only,350,GOLD:781,1768941900000,-0.3916824100646773,98.50926647931779
selected_oos,F5,long_only,long_only,351,GOLD:782,1768980600000,9.948732091470227,108.45799857078802
selected_oos,F5,long_only,long_only,352,GOLD:783,1769075100000,-1.0,107.45799857078802
selected_oos,F5,long_only,long_only,353,GOLD:784,1769134500000,10.779265363502825,118.23726393429085
selected_oos,F5,long_only,long_only,354,GOLD:785,1769179500000,-1.0,117.23726393429085
selected_oos,F5,long_only,long_only,355,GOLD:786,1769514300000,0.7873468814588731,118.02461081574972
selected_oos,F5,long_only,long_only,356,GOLD:787,1769593500000,8.68894627440524,126.71355709015496
selected_oos,F5,long_only,long_only,357,GOLD:788,1769625900000,-1.0,125.71355709015496
selected_oos,F5,long_only,long_only,358,GOLD:789,1769662800000,10.004617864630317,135.71817495478527
selected_oos,F5,long_only,long_only,359,GOLD:790,1769735700000,-1.0,134.71817495478527
selected_oos,F5,long_only,long_only,360,GOLD:795,1770254100000,-1.0,133.71817495478527
selected_oos,F5,long_only,long_only,361,GOLD:797,1770597900000,-1.0,132.71817495478527
selected_oos,F5,long_only,long_only,362,GOLD:798,1770673500000,1.9583549361112615,134.67652989089652
selected_oos,F5,long_only,long_only,363,GOLD:799,1770727500000,-1.0,133.67652989089652
selected_oos,F5,long_only,long_only,364,GOLD:800,1770735600000,-1.0,132.67652989089652
selected_oos,F5,long_only,long_only,365,GOLD:801,1770797700000,1.6060198633819738,134.28254975427848
selected_oos,F5,long_only,long_only,366,GOLD:802,1770813900000,-1.0,133.28254975427848
selected_oos,F5,long_only,long_only,367,GOLD:811,1771518600000,-1.0,132.28254975427848
selected_oos,F5,long_only,long_only,368,GOLD:812,1771536600000,-1.0,131.28254975427848
selected_oos,F5,long_only,long_only,369,GOLD:813,1771589700000,2.8871700087878245,134.1697197630663
selected_oos,F5,long_only,long_only,370,GOLD:814,1771600500000,-1.0,133.1697197630663
selected_oos,F5,long_only,long_only,371,GOLD:815,1771863300000,-1.0,132.1697197630663
selected_oos,F5,long_only,long_only,372,GOLD:816,1771966800000,-1.0,131.1697197630663
selected_oos,F5,long_only,long_only,373,GOLD:817,1772006400000,0.2844239182881201,131.45414368135442
selected_oos,F5,long_only,long_only,374,GOLD:818,1772051400000,-1.0,130.45414368135442
selected_oos,F5,long_only,long_only,375,GOLD:819,1772090100000,-1.0,129.45414368135442
